name,rating,genre,runtime,year,release_date,release_country,score,votes,director,writer,star,country,budget,gross,company
Pokémon Detective Pikachu,PG,Action,104,2019,2019-05-10,United States,6.6,146000,Rob Letterman,Dan Hernandez,Ryan Reynolds,United States,150000000,433921300,Warner Bros.
A Bad Moms Christmas,R,Comedy,104,2017,2017-11-01,United States,5.6,46000,Jon Lucas,Jon Lucas,Mila Kunis,United States,28000000,130560428,Huayi Brothers Media
Replicas,PG-13,Drama,107,2018,2019-01-11,United States,5.5,34000,Jeffrey Nachmanoff,Chad St. John,Keanu Reeves,United Kingdom,30000000,9330075,Company Films
Blue City,R,Action,83 mins,1986,1986-05-02,United States,4.4,1100,Michelle Manning,Ross Macdonald,Judd Nelson,United States,10000000,6947787,Paramount Pictures
Windy City,R,Drama,103,1984,1986-01-01,Uruguay,5.8,262,Armyan Bernstein,Armyan Bernstein,John Shea,United States,NA,343890,CBS Theatrical Films
War for the Planet of the Apes,PG-13,Action,140,2017,2017-07-14,United States,7.4,235000,Matt Reeves,Mark Bomback,Andy Serkis,United States,150000000,490719763,Twentieth Century Fox
Tales from the Hood,R,Crime,98,1995,1995-05-24,United States,6.4,7400,Rusty Cundieff,Rusty Cundieff,Clarence Williams III,United States,6000000,11837928,40 Acres & A Mule Filmworks
Fire with Fire,PG-13,Drama,103,1986,1986-05-09,United States,6.5,1500,Duncan Gibbins,Bill Phillips,Craig Sheffer,United States,NA,4636169,Paramount Pictures
Raising Helen,PG-13,Comedy,119,2004,2004-05-28,United States,6,36000,Garry Marshall,Patrick J. Clifton,Kate Hudson,United States,50000000,49718611,Touchstone Pictures
Feeling Minnesota,R,Comedy,99,1996,1996-09-13,United States,5.4,11000,Steven Baigelman,Steven Baigelman,Keanu Reeves,United States,NA,3124440,Fine Line Features
The Babe,PG,Biography,115,1992,1992-04-17,United States,5.9,9300,Arthur Hiller,John Fusco,John Goodman,United States,NA,19930973,Universal Pictures
The Real Blonde,R,Comedy,105,1997,1998-02-27,United States,6,3900,Tom DiCillo,Tom DiCillo,Matthew Modine,United States,NA,83488,Lakeshore Entertainment
To vlemma tou Odyssea,Unrated,Drama,176,1995,1997-11-01,United States,7.6,6400,Theodoros Angelopoulos,Theodoros Angelopoulos,Harvey Keitel,Greece,NA,NA,Greek Film Center
Going the Distance,R,Comedy,102,2010,2010-09-03,United States,6.3,57000,Nanette Burstein,Geoff LaTulippe,Drew Barrymore,United States,32000000,42059111,New Line Cinema
Jung on zo,R,Action,103,1993,1993-06-24,Hong Kong,6.8,6100,Kirk Wong,Tin Nam Chun,Jackie Chan,Hong Kong,NA,3741869,Golden Harvest Company
"Rita, Sue and Bob Too",R,Comedy,93,1987,1987-05-29,United Kingdom,6.5,3600,Alan Clarke,Andrea Dunbar,Siobhan Finneran,United Kingdom,NA,124167,British Screen Productions
Phone Booth,R,Crime,81,2002,2003-04-04,United States,7,255000,Joel Schumacher,Larry Cohen,Colin Farrell,United States,13000000,97837138,Fox 2000 Pictures
Happy Death Day,PG-13,Comedy,96,2017,2017-10-13,United States,6.6,124000,Christopher Landon,Scott Lobdell,Jessica Rothe,United States,4800000,125479266,Universal Pictures
Barely Legal,R,Comedy,90,2003,2006-05-25,Thailand,4.7,5900,David Mickey Evans,David H. Steinberg,Erik von Detten,Germany,NA,83439,International West Pictures (IWP)
Three Kings,R,Action,114,1999,1999-10-01,United States,7.1,163000,David O. Russell,John Ridley,George Clooney,United States,75000000,107752036,Warner Bros.
Menace II Society,R,Crime,97,1993,1993-05-26,United States,7.5,54000,Albert Hughes,Allen Hughes,Tyrin Turner,United States,3500000,27912072,New Line Cinema
Four Rooms,R,Comedy,98,1995,1995-12-25,United States,6.8,100000,Directors,Allison Anders,Tim Roth,United States,4000000,4257354,Miramax
Quartet,PG-13,Comedy,98,2012,2013-03-01,United States,6.8,19000,Dustin Hoffman,Ronald Harwood,Maggie Smith,United Kingdom,11000000,59520298,Headline Pictures
Tape,R,Drama,86,2001,2002-07-12,Denmark,7.2,19000,Richard Linklater,Stephen Belber,Ethan Hawke,United States,100000,515900,Detour Filmproduction
Marked for Death,R,Action,93,1990,1990-10-05,United States,6,21000,Dwight H. Little,Michael Grais,Steven Seagal,United States,12000000,57968936,Victor & Grais
Congo,PG-13,Action,109,1995,1995-06-09,United States,5.2,43000,Frank Marshall,Michael Crichton,Laura Linney,United States,50000000,152022101,Paramount Pictures
Stop-Loss,R,Drama,112,2008,2008-03-28,United States,6.4,20000,Kimberly Peirce,Mark Richard,Ryan Phillippe,United States,25000000,11212953,Paramount Pictures
Con Air,R,Action,115,1997,1997-06-06,United States,6.9,282000,Simon West,Scott Rosenberg,Nicolas Cage,United States,75000000,224012234,Touchstone Pictures
Harold & Kumar Escape from Guantanamo Bay,R,Adventure,114,2008,2008-04-25,United States,6.6,132000,Jon Hurwitz,Jon Hurwitz,John Cho,United States,12000000,43495888,New Line Cinema
Parting Glances,Not Rated,Drama,90,1986,1986-02-19,United States,7.2,2800,Bill Sherwood,Bill Sherwood,John Bolger,United States,NA,NA,Rondo Productions
The Minus Man,R,Crime,111,1999,1999-10-08,United States,6.1,6400,Hampton Fancher,Lew McCreary,Owen Wilson,United States,NA,370668,Shooting Gallery
The NeverEnding Story,PG,Adventure,102,1984,1984-07-20,United States,7.4,135000,Wolfgang Petersen,Wolfgang Petersen,Noah Hathaway,West Germany,27000000,20251411,Constantin Film
The Legend of Bagger Vance,PG-13,Drama,126,2000,2000-11-03,United States,6.7,54000,Robert Redford,Steven Pressfield,Will Smith,United States,80000000,39459427,Twentieth Century Fox
Petit Con,R,Comedy,90,1984,1985-04-19,United States,6.2,105,Gérard Lauzier,Gérard Lauzier,Guy Marchand,France,NA,127426,Gaumont International
Transformers,PG-13,Action,144,2007,2007-07-03,United States,7,607000,Michael Bay,Roberto Orci,Shia LaBeouf,United States,150000000,709709780,Dreamworks Pictures
Lust in the Dust,R,Comedy,84,1984,1985-03-01,United States,6.4,3000,Paul Bartel,Philip John Taylor,Tab Hunter,United States,3000000,727639,Fox Run Productions Inc.
Gangster No. 1,R,Crime,103,2000,2000-06-09,United Kingdom,6.7,13000,Paul McGuigan,Johnny Ferguson,Malcolm McDowell,United Kingdom,NA,30915,FilmFour
True Crime,R,Crime,127,1999,1999-03-19,United States,6.6,33000,Clint Eastwood,Andrew Klavan,Clint Eastwood,United States,55000000,16649768,Warner Bros.
Criminal Law,R,Crime,117,1988,1989-04-28,United States,5.7,3800,Martin Campbell,Mark Kasdan,Gary Oldman,United States,NA,9974446,Hemdale
Eight Legged Freaks,PG-13,Action,99,2002,2002-07-17,United States,5.4,53000,Ellory Elkayem,Ellory Elkayem,David Arquette,United States,30000000,45867333,Warner Bros.
The Other Boleyn Girl,PG-13,Biography,115,2008,2008-02-29,United States,6.7,107000,Justin Chadwick,Peter Morgan,Natalie Portman,United Kingdom,35000000,78201830,Columbia Pictures
The Final Conflict,R,Horror,108,1981,1981-03-20,United States,5.6,19000,Graham Baker,David Seltzer,Sam Neill,United Kingdom,5000000,20471382,Twentieth Century Fox
She's All That,PG-13,Comedy,95,1999,1999-01-29,United States,5.9,86000,Robert Iscove,R. Lee Fleming Jr.,Freddie Prinze Jr.,United States,10000000,103166989,Miramax
A Star Is Born,R,Drama,136,2018,2018-10-05,United States,7.6,350000,Bradley Cooper,Eric Roth,Lady Gaga,United States,36000000,436188866,Warner Bros. Pictures
Desert Bloom,PG,Drama,105,1986,1986-04-18,United States,6.6,937,Eugene Corr,Linda Remy,Jon Voight,United States,NA,416393,Carson Productions
Grandma's Boy,R,Comedy,94,2006,2006-01-06,United States,7,79000,Nicholaus Goossen,Barry Wernick,Allen Covert,United States,NA,6566277,Twentieth Century Fox
Valentine,R,Horror,96,2001,2001-02-02,United States,4.8,26000,Jamie Blanks,Tom Savage,Denise Richards,Canada,29000000,36684136,Warner Bros.
The Dictator,R,Comedy,83,2012,2012-05-16,United States,6.4,286000,Larry Charles,Sacha Baron Cohen,Sacha Baron Cohen,United States,65000000,179379533,Paramount Pictures
Jekyll and Hyde... Together Again,R,Sci-Fi,87,1982,1982-10-01,United States,6.2,1100,Jerry Belson,Monica Mcgowan Johnson,Mark Blankfield,United States,5000000,3792188,Paramount Pictures
Barton Fink,R,Comedy,116,1991,1991-08-21,United States,7.7,116000,Joel Coen,Joel Coen,John Turturro,United Kingdom,9000000,6153939,Circle Films
Amityville II: The Possession,R,Horror,104,1982,1982-09-24,United States,5.5,11000,Damiano Damiani,Tommy Lee Wallace,James Olson,Mexico,5000000,12534817,Dino De Laurentiis Company
Windwalker,PG,Adventure,108,1980,1983-11-18,Sweden,6.9,1000,Kieth Merrill,Ray Goldrup,Trevor Howard,United States,3000000,NA,Santa Fe International
Psycho,R,Horror,105,1998,1998-12-04,United States,4.6,46000,Gus Van Sant,Robert Bloch,Vince Vaughn,United States,60000000,37170655,Universal Pictures
Dawn of the Planet of the Apes,PG-13,Action,130,2014,2014-07-11,United States,7.6,419000,Matt Reeves,Mark Bomback,Gary Oldman,United States,170000000,710644566,Chernin Entertainment
"Faith, Hope & Love",PG,Comedy,106,2019,2020-02-04,Australia,6.2,719,J.J. Englert,Robert Krantz,Peta Murgatroyd,United States,NA,210091,Ellinas Multimedia
The Last Supper,R,Comedy,92,1995,1996-04-05,United States,6.8,14000,Stacy Title,Dan Rosen,Cameron Diaz,United States,NA,459749,Columbia Pictures
Saw,R,Horror,103,2004,2004-10-29,United States,7.6,391000,James Wan,Leigh Whannell,Cary Elwes,United States,1200000,103911669,Evolution Entertainment
Running Scared,R,Action,107,1986,1986-06-27,United States,6.5,12000,Peter Hyams,Gary DeVore,Gregory Hines,United States,NA,38500726,Metro-Goldwyn-Mayer (MGM)
The Souvenir,R,Drama,120,2019,2019-08-30,United Kingdom,6.4,9300,Joanna Hogg,Joanna Hogg,Neil Young,United Kingdom,NA,1719157,BBC Films
Ghajini,Not Rated,Action,186,2008,2008-12-24,United States,7.3,58000,A.R. Murugadoss,Piyush Mishra,Aamir Khan,India,NA,38316584,Geetha Arts
Amélie,R,Comedy,122,2001,2002-02-08,United States,8.3,717000,Jean-Pierre Jeunet,Guillaume Laurant,Audrey Tautou,France,10000000,173997108,Claudie Ossard Productions
The Evil That Men Do,R,Action,90,1984,1984-09-21,United States,6,3600,J. Lee Thompson,R. Lance Hill,Charles Bronson,Mexico,4600000,13102025,Capricorn
Krippendorf's Tribe,PG-13,Comedy,94,1998,1998-02-27,United States,5,5300,Todd Holland,Frank Parkin,Richard Dreyfuss,United States,NA,7571115,Dreyfuss / James Productions
Cheaper by the Dozen,PG,Comedy,98,2003,2003-12-25,United States,5.9,96000,Shawn Levy,Frank B. Gilbreth Jr.,Steve Martin,United States,40000000,190538630,Twentieth Century Fox
The Outing,R,Horror,87,1987,1987-11-21,Japan,5.1,1600,Tom Daley,Warren Chaney,Deborah Winters,United States,2000000,1083395,H.I.T. Films
Clockwise,PG,Comedy,96,1986,1986-10-10,United States,6.6,12000,Christopher Morahan,Michael Frayn,John Cleese,United Kingdom,NA,1476356,Thorn EMI Screen Entertainment
Zebrahead,R,Drama,100,1992,1992-10-23,United States,6.3,1200,Anthony Drazan,Anthony Drazan,Michael Rapaport,United States,NA,1557771,Ixtlan
Soul Surfer,PG,Biography,112,2011,2011-04-08,United States,7,47000,Sean McNamara,Sean McNamara,AnnaSophia Robb,United States,18000000,47120948,Enticing Entertainment
Hairspray,PG,Comedy,92,1988,1988-02-26,United States,7,20000,John Waters,John Waters,Sonny Bono,United States,2000000,6673032,New Line Cinema
Until September,R,Drama,95,1984,1984-09-21,United States,5.7,634,Richard Marquand,Janice Lee Graham,Karen Allen,United States,NA,4239154,United Artists
The 40-Year-Old Virgin,R,Comedy,116,2005,2005-08-19,United States,7.1,407000,Judd Apatow,Judd Apatow,Steve Carell,United States,26000000,177378645,Universal Pictures
Kiss Kiss Bang Bang,R,Comedy,103,2005,2005-11-18,United States,7.5,219000,Shane Black,Brett Halliday,Robert Downey Jr.,United States,15000000,15785148,Warner Bros.
Chain Reaction,PG-13,Action,107,1996,1996-08-02,United States,5.7,49000,Andrew Davis,Arne Schmidt,Keanu Reeves,United States,50000000,60209334,3 Arts Entertainment
Edge of Seventeen,Not Rated,Comedy,99,1998,2000-04-20,Australia,6.8,6000,David Moreton,Todd Stephens,Chris Stafford,United States,700000,871759,Blue Streak Films
I Give It a Year,R,Comedy,97,2013,2013-02-08,United Kingdom,5.7,36000,Dan Mazer,Dan Mazer,Rose Byrne,United Kingdom,NA,29128433,StudioCanal
Gandahar,PG,Animation,78,1987,1989-09-20,United States,7.1,4500,René Laloux,René Laloux,Glenn Close,France,NA,370698,Col.Ima.Son
Muppet Treasure Island,G,Action,99,1996,1996-02-16,United States,7,22000,Brian Henson,Robert Louis Stevenson,Tim Curry,United States,NA,34327391,Walt Disney Pictures
Elektra,PG-13,Action,97,2005,2005-01-14,United States,4.7,89000,Rob Bowman,Mark Steven Johnson,Jennifer Garner,Canada,43000000,56995646,Twentieth Century Fox
Happily Ever After,G,Animation,75,1989,1993-05-28,United States,5.6,2200,John Howley,Martha Moran,Edward Asner,United States,NA,3299382,Filmation Associates
Haunted Honeymoon,PG,Comedy,82,1986,1986-07-25,United States,5.7,6900,Gene Wilder,Gene Wilder,Gene Wilder,United Kingdom,13000000,8033397,Orion Pictures
The Curse of the Jade Scorpion,PG-13,Comedy,103,2001,2001-08-24,United States,6.7,38000,Woody Allen,Woody Allen,Greg Stebner,United States,33000000,18914307,Dreamworks Pictures
Needful Things,R,Crime,120,1993,1993-08-27,United States,6.3,24000,Fraser C. Heston,Stephen King,Max von Sydow,United States,NA,15185672,Castle Rock Entertainment
Things Change,PG,Comedy,100,1988,1988-10-21,United States,7,3400,David Mamet,David Mamet,Don Ameche,United States,NA,3527886,Columbia Pictures
Nine Months,PG-13,Comedy,103,1995,1995-07-12,United States,5.5,36000,Chris Columbus,Patrick Braoudé,Hugh Grant,United States,NA,138510230,Twentieth Century Fox
House Party,R,Comedy,100,1990,1990-03-09,United States,6.5,14000,Reginald Hudlin,Reginald Hudlin,Christopher Reid,United States,2500000,26385627,"Jackson/McHenry Company,The"
Impulse,R,Horror,91,1984,1984-09-28,United States,5.9,1300,Graham Baker,Nicholas Kazan,Tim Matheson,United States,10000000,2773433,ABC Motion Pictures
Baby It's You,R,Comedy,105,1983,1983-03-04,United States,6.3,1700,John Sayles,Amy Robinson,Rosanna Arquette,United States,3000000,1867792,Double Play
The Love Witch,Unrated,Comedy,120,2016,2017-03-10,United Kingdom,6.2,14000,Anna Biller,Anna Biller,Samantha Robinson,United States,NA,246218,Anna Biller Productions
Stick,R,Action,109,1985,1985-04-26,United States,5.7,1900,Burt Reynolds,Elmore Leonard,Burt Reynolds,United States,22000000,8489518,Universal Pictures
Celebrity,R,Comedy,113,1998,1998-11-20,United States,6.3,25000,Woody Allen,Woody Allen,Kenneth Branagh,United States,12000000,5078660,Sweetland Films
The Boyfriend School,PG-13,Comedy,101,1990,1990-09-21,United States,5.8,2600,Malcolm Mowbray,Sarah Bird,Steve Guttenberg,United Kingdom,6700000,1171762,Hemdale
Lagaan: Once Upon a Time in India,PG,Drama,224,2001,2001-06-15,United States,8.1,108000,Ashutosh Gowariker,Ashutosh Gowariker,Aamir Khan,India,NA,1724806,Aamir Khan Productions
Mi vida loca,R,Crime,92,1993,1994-07-15,United States,6.5,2000,Allison Anders,Allison Anders,Angel Aviles,United States,NA,3267313,Channel Four Films
Seabiscuit,PG-13,Drama,140,2003,2003-07-25,United States,7.3,68000,Gary Ross,Laura Hillenbrand,Tobey Maguire,United States,87000000,148336445,Universal Pictures
Voyager,PG-13,Drama,117,1991,1992-01-31,United States,6.7,3100,Volker Schlöndorff,Max Frisch,Sam Shepard,Germany,NA,516517,Bioskop Film
Twilight,PG-13,Drama,122,2008,2008-11-21,United States,5.2,435000,Catherine Hardwicke,Melissa Rosenberg,Kristen Stewart,United States,37000000,408430415,Summit Entertainment
City Heat,PG,Action,93,1984,1984-12-07,United States,5.5,9300,Richard Benjamin,Blake Edwards,Clint Eastwood,United States,25000000,38348988,Warner Bros.
Black Sheep,Not Rated,Comedy,87,2006,2007-03-29,New Zealand,5.8,40000,Jonathan King,Jonathan King,Oliver Driver,New Zealand,NA,4947717,New Zealand Film Commission
Daughters of the Dust,TV-PG,Drama,113,1991,1991-12-27,United States,6.6,2300,Julie Dash,Julie Dash,Cora Lee Day,United States,NA,1689723,Geechee Girls
Experience Preferred... But Not Essential,PG,Drama,80,1982,1982-12-22,United Kingdom,7,240,Peter Duffell,June Roberts,Elizabeth Edmonds,United Kingdom,NA,NA,Channel Four Film
Texas Rangers,PG-13,Action,90,2001,2001-11-30,United States,5.2,5500,Steve Miner,George Durham,James Van Der Beek,United States,38000000,763740,Greisman Productions
Death Wish: The Face of Death,R,Action,95,1994,1994-01-14,United States,4.9,7200,Allan A. Goldstein,Brian Garfield,Charles Bronson,Canada,5000000,1702394,21st Century Films
Captain America: the First Avenger,PG-13,Action,124,2011,2011-07-22,United States,6.9,769000,Joe Johnston,Christopher Markus,Chris Evans,United States,140000000,370569774,Paramount Pictures
Cinderella,PG,Drama,105,2015,2015-03-13,United States,6.9,165000,Kenneth Branagh,Chris Weitz,Lily James,United States,95000000,542358331,Allison Shearmur Productions
Flyboys,PG-13,Action,140,2006,2006-09-22,United States,6.5,42000,Tony Bill,Phil Sears,James Franco,United Kingdom,60000000,17858059,Electric Entertainment
Kick-Ass 2,R,Action,103,2013,2013-08-16,United States,6.5,259000,Jeff Wadlow,Jeff Wadlow,Aaron Taylor-Johnson,United Kingdom,28000000,60795985,Universal Pictures
Queen Margot,R,Biography,159,1994,1994-12-09,United States,7.4,17000,Patrice Chéreau,Alexandre Dumas,Isabelle Adjani,France,NA,1318578,Renn Productions
Coach Carter,PG-13,Biography,136,2005,2005-01-14,United States,7.3,133000,Thomas Carter,Mark Schwahn,Samuel L. Jackson,United States,30000000,76669554,Coach Carter
Shakes the Clown,R,Comedy,87,1991,1992-03-13,United States,5.6,4700,Bobcat Goldthwait,Bobcat Goldthwait,Bobcat Goldthwait,United States,1400000,115103,IRS Media
Money Talks,R,Action,97,1997,1997-08-22,United States,6.2,28000,Brett Ratner,Joel Cohen,Charlie Sheen,United States,25000000,48407611,New Line Cinema
Living in Oblivion,R,Comedy,90,1995,1995-07-21,United States,7.5,17000,Tom DiCillo,Tom DiCillo,Steve Buscemi,United States,500000,1111790,JDI Productions
The Butterfly Effect,R,Drama,113,2004,2004-01-23,United States,7.6,460000,Eric Bress,J. Mackye Gruber,Ashton Kutcher,United States,13000000,96822421,BenderSpink
Greta,R,Drama,98,2018,2019-03-01,United States,6,30000,Neil Jordan,Ray Wright,Isabelle Huppert,Ireland,NA,18653107,Sidney Kimmel Entertainment
Once Upon a Time in China III,R,Action,109,1992,1993-02-11,Hong Kong,6.8,6600,Hark Tsui,Tin-suen Chan,Jet Li,Hong Kong,NA,NA,Golden Harvest Company
Das Boot,NA,Adventure,149,1981,1982-02-10,United States,8.3,237000,Wolfgang Petersen,Wolfgang Petersen,Jürgen Prochnow,West Germany,NA,11487676,Bavaria Film
48 Hrs.,R,Action,96,1982,1982-12-08,United States,6.9,73000,Walter Hill,Roger Spottiswoode,Nick Nolte,United States,12000000,78868508,Paramount Pictures
Mindhunters,R,Crime,106,2004,2005-05-13,United States,6.4,59000,Renny Harlin,Wayne Kramer,Val Kilmer,Netherlands,27000000,21148829,Dimension Films
13 Assassins,R,Action,141,2010,2010-09-25,Japan,7.6,63000,Takashi Miike,Kaneo Ikegami,Kôji Yakusho,Japan,6000000,18689058,Sedic International
Garbo Talks,PG-13,Comedy,103,1984,1984-10-12,United States,6.4,1500,Sidney Lumet,Larry Grusin,Anne Bancroft,United States,NA,1493782,United Artists
The Hand,R,Drama,104,1981,1981-04-24,United States,5.5,5700,Oliver Stone,Marc Brandel,Michael Caine,United States,NA,2447576,Orion Pictures
One Night Stand,R,Drama,102,1997,1997-09-17,France,5.8,6600,Mike Figgis,Mike Figgis,Wesley Snipes,United States,24000000,2642983,New Line Cinema
There Goes My Baby,R,Comedy,99,1994,1994-09-02,United States,6.4,1000,Floyd Mutrux,Floyd Mutrux,Dermot Mulroney,United States,10500000,123509,Nelson Entertainment
Bullet to the Head,R,Action,92,2012,2013-02-01,United States,5.7,48000,Walter Hill,Alessandro Camon,Sylvester Stallone,United States,45000000,21947209,IM Global
Man Trouble,PG-13,Comedy,100,1992,1992-07-17,United States,4.7,3000,Bob Rafelson,Carole Eastman,Jack Nicholson,United States,30000000,4096030,Penta Entertainment
Predestination,R,Action,97,2014,2015-01-09,United States,7.5,262000,Michael Spierig,Michael Spierig,Ethan Hawke,Australia,5100000,4942449,Screen Australia
The Black Stallion Returns,PG,Adventure,103,1983,1983-03-25,United States,6,2100,Robert Dalva,Walter Farley,Kelly Reno,United States,NA,12049514,Zoetrope Studios
Rich and Famous,R,Drama,117,1981,1981-10-09,United States,5.9,1600,George Cukor,Gerald Ayres,Jacqueline Bisset,United States,NA,14492125,Jaquet
The Zookeeper's Wife,PG-13,Biography,127,2017,2017-04-07,United States,7,41000,Niki Caro,Angela Workman,Jessica Chastain,Czech Republic,20000000,26152835,Scion Films
Poseidon,PG-13,Action,98,2006,2006-05-12,United States,5.7,100000,Wolfgang Petersen,Mark Protosevich,Richard Dreyfuss,United States,160000000,181674817,Warner Bros.
Ride Along 2,PG-13,Action,102,2016,2016-01-15,United States,5.9,55000,Tim Story,Phil Hay,Ice Cube,United States,40000000,124608438,Universal Pictures
Disobedience,R,Drama,114,2017,2018-04-27,United States,6.6,27000,Sebastián Lelio,Sebastián Lelio,Rachel Weisz,Ireland,6000000,8003180,Braven Films
Venom,R,Horror,92,1981,1982-01-29,United States,5.8,2600,Piers Haggard,Alan Scholefield,Klaus Kinski,United Kingdom,NA,5229643,Morison Film Group
Twentynine Palms,Unrated,Drama,119,2003,2003-09-17,France,5.2,4400,Bruno Dumont,Bruno Dumont,Yekaterina Golubeva,France,NA,167999,3B Productions
Blair Witch,R,Horror,89,2016,2016-09-16,United States,5,43000,Adam Wingard,Simon Barrett,James Allen McCune,Canada,5000000,45173154,Lionsgate
Ocean's Thirteen,PG-13,Crime,122,2007,2007-06-08,United States,6.9,328000,Steven Soderbergh,Brian Koppelman,George Clooney,United States,85000000,311312624,Warner Bros.
Underworld,R,Action,121,2003,2003-09-19,United States,7,258000,Len Wiseman,Kevin Grevioux,Kate Beckinsale,United States,22000000,95708457,Lakeshore Entertainment
Deadpool,R,Action,108,2016,2016-02-12,United States,8,932000,Tim Miller,Rhett Reese,Ryan Reynolds,United States,58000000,782836791,Twentieth Century Fox
"Surfer, Dude",R,Comedy,85,2008,2008-09-05,United States,4.7,8500,S.R. Bindler,S.R. Bindler,Matthew McConaughey,United States,6000000,52132,Berk/Lane Entertainment
Winter Sleep,Not Rated,Drama,196,2014,2014-06-12,Turkey,8.1,48000,Nuri Bilge Ceylan,Ebru Ceylan,Haluk Bilginer,Turkey,NA,4018705,NBC Film
Deadpool 2,R,Action,119,2018,2018-05-18,United States,7.7,505000,David Leitch,Rhett Reese,Ryan Reynolds,Canada,110000000,786470484,Twentieth Century Fox
Booksmart,R,Comedy,102,2019,2019-05-24,United States,7.2,102000,Olivia Wilde,Emily Halpern,Kaitlyn Dever,United States,6000000,24959607,Annapurna Pictures
The Stanford Prison Experiment,R,Biography,122,2015,2015-07-17,United States,6.9,40000,Kyle Patrick Alvarez,Tim Talbott,Ezra Miller,United States,NA,663114,Coup d'Etat Films
Coal Miner's Daughter,PG,Biography,124,1980,1980-03-07,United States,7.5,17000,Michael Apted,Thomas Rickman,Sissy Spacek,United States,NA,67182787,Universal Pictures
"O Brother, Where Art Thou?",PG-13,Adventure,107,2000,2001-02-02,United States,7.7,295000,Joel Coen,Homer,George Clooney,United Kingdom,26000000,71870729,Touchstone Pictures
Cradle Will Rock,R,Drama,132,1999,2000-01-21,United States,6.8,8900,Tim Robbins,Tim Robbins,Hank Azaria,United States,36000000,2986932,Cradle Productions Inc.
The Astronaut Farmer,PG,Adventure,104,2006,2007-02-23,United States,6.3,22000,Michael Polish,Mark Polish,Billy Bob Thornton,United States,13000000,11130889,Warner Bros.
Beautiful,PG-13,Comedy,112,2000,2000-09-29,United States,5.6,3700,Sally Field,Jon Bernstein,Minnie Driver,United States,14000000,3169930,Destination Films
When Marnie Was There,PG,Animation,103,2014,2015-08-07,United States,7.7,35000,James Simone,Joan G. Robinson,Sara Takatsuki,Japan,NA,34949567,Dentsu
World's Greatest Dad,R,Comedy,99,2009,2010-09-24,Ireland,6.9,38000,Bobcat Goldthwait,Bobcat Goldthwait,Robin Williams,United States,NA,221805,Magnolia Pictures
Bliss,R,Comedy,112,1985,1986-02-21,United States,6.9,1300,Ray Lawrence,Ray Lawrence,Barry Otto,Australia,NA,NA,Window III Productions
Dungeons & Dragons,PG-13,Action,107,2000,2000-12-08,United States,3.7,32000,Courtney Solomon,Topper Lilien,Justin Whalin,United States,45000000,33978694,New Line Cinema
Asylum,R,Drama,99,2005,2005-09-09,United Kingdom,6.1,4900,David Mackenzie,Patrick McGrath,Natasha Richardson,United Kingdom,NA,2788033,Paramount Classics
End of Days,R,Action,122,1999,1999-11-24,United States,5.8,107000,Peter Hyams,Andrew W. Marlowe,Arnold Schwarzenegger,United States,100000000,211989043,Beacon Communications
Reprise,R,Drama,105,2006,2006-09-08,Norway,7.3,9800,Joachim Trier,Joachim Trier,Anders Danielsen Lie,Norway,NA,1297260,4 1/2 Film
Red Dawn,PG-13,Action,114,1984,1984-08-10,United States,6.4,53000,John Milius,Kevin Reynolds,Patrick Swayze,United States,17000000,38376497,United Artists
Ghosts of Girlfriends Past,PG-13,Comedy,100,2009,2009-05-01,United States,5.8,86000,Mark Waters,Jon Lucas,Matthew McConaughey,United States,37500000,102366815,Jon Shestack Productions
The Young Victoria,PG,Biography,105,2009,2010-01-08,United States,7.3,59000,Jean-Marc Vallée,Julian Fellowes,Emily Blunt,United Kingdom,35000000,29196409,GK Films
The Blair Witch Project,R,Horror,81,1999,1999-07-30,United States,6.5,239000,Daniel Myrick,Daniel Myrick,Heather Donahue,United States,60000,248639099,Haxan Films
The Cold Light of Day,PG-13,Action,93,2012,2012-09-07,United States,4.9,36000,Mabrouk El Mechri,Scott Wiper,Henry Cavill,United States,20000000,16863583,Summit Entertainment
Country,PG,Drama,105,1984,1984-09-29,United States,6.7,1800,Richard Pearce,William D. Wittliff,Jessica Lange,United States,NA,9640000,Far West
You've Got Mail,PG,Comedy,119,1998,1998-12-18,United States,6.7,200000,Nora Ephron,Miklós László,Tom Hanks,United States,65000000,250821495,Warner Bros.
Spider-Man,PG-13,Action,121,2002,2002-05-03,United States,7.3,706000,Sam Raimi,Stan Lee,Tobey Maguire,United States,139000000,825025036,Columbia Pictures
The Thirteenth Floor,R,Mystery,100,1999,1999-05-28,United States,7.1,69000,Josef Rusnak,Daniel F. Galouye,Craig Bierko,United States,16000000,18564088,Columbia Pictures
The Conjuring 2,R,Horror,134,2016,2016-06-10,United States,7.3,242000,James Wan,Chad Hayes,Vera Farmiga,Canada,40000000,321788219,New Line Cinema
Nymphomaniac: Vol. I,Not Rated,Drama,117,2013,2014-03-06,United States,6.9,119000,Lars von Trier,Lars von Trier,Charlotte Gainsbourg,Denmark,NA,13551156,Zentropa Entertainments
American Ultra,R,Action,96,2015,2015-08-21,United States,6.1,87000,Nima Nourizadeh,Max Landis,Jesse Eisenberg,United States,28000000,27262374,PalmStar Media
Skinwalkers,R,Action,110,2006,2007-08-10,United States,4.6,13000,James Isaac,James DeMonaco,Jason Behr,Canada,NA,3269736,Lionsgate
High School Musical 3: Senior Year,G,Comedy,112,2008,2008-10-24,United States,4.9,59000,Kenny Ortega,Peter Barsocchini,Zac Efron,United States,11000000,252909177,Walt Disney Pictures
My Left Foot,R,Biography,103,1989,1990-03-30,United States,7.9,70000,Jim Sheridan,Shane Connaughton,Daniel Day-Lewis,Ireland,NA,14743391,Ferndale Films
Flight,R,Drama,138,2012,2012-11-02,United States,7.3,334000,Robert Zemeckis,John Gatins,Denzel Washington,United States,31000000,161772375,Paramount Pictures
1984,R,Drama,113,1984,1985-03-22,United States,7.1,68000,Michael Radford,Michael Radford,John Hurt,United Kingdom,NA,8430492,Virgin
The Anniversary Party,R,Comedy,115,2001,2001-06-29,United States,6.3,8100,Alan Cumming,Jennifer Jason Leigh,Alan Cumming,United States,NA,4931888,Fine Line Features
Children of a Lesser God,R,Drama,119,1986,1986-10-31,United States,7.2,15000,Randa Haines,Mark Medoff,William Hurt,United States,10500000,31853080,Paramount Pictures
Star Trek II: The Wrath of Khan,PG,Action,113,1982,1982-06-04,United States,7.7,115000,Nicholas Meyer,Gene Roddenberry,William Shatner,United States,11200000,78912963,Paramount Pictures
Cloak & Dagger,PG,Action,101,1984,1984-08-10,United States,6.6,7000,Richard Franklin,Tom Holland,Henry Thomas,United States,NA,NA,Universal Pictures
Buffalo Soldiers,R,Comedy,98,2001,2002-10-31,Germany,6.8,24000,Gregor Jordan,Robert O'Connor,Joaquin Phoenix,United Kingdom,15000000,2300684,FilmFour
Syriana,R,Drama,128,2005,2005-12-09,United States,6.9,127000,Stephen Gaghan,Stephen Gaghan,George Clooney,United States,50000000,93974620,Warner Bros.
Bright Star,PG,Biography,119,2009,2009-10-09,United States,6.9,26000,Jane Campion,Jane Campion,Abbie Cornish,United Kingdom,8500000,14374652,Pathé Renn Productions
The Lego Batman Movie,PG,Animation,104,2017,2017-02-10,United States,7.3,135000,Chris McKay,Seth Grahame-Smith,Will Arnett,United States,80000000,311950384,Animal Logic
It Comes at Night,R,Horror,91,2017,2017-06-09,United States,6.2,87000,Trey Edward Shults,Trey Edward Shults,Joel Edgerton,United States,5000000,19735344,Animal Kingdom
Trick or Treat,R,Comedy,98,1986,1986-10-24,United States,5.8,6200,Charles Martin Smith,Rhet Topham,Marc Price,United States,NA,6797218,De Laurentiis Entertainment Group (DEG)
Wide Sargasso Sea,NC-17,Drama,98,1993,1993-04-16,United States,5.7,1900,John Duigan,Jan Sharp,Karina Lombard,Australia,NA,1614784,Laughing Kookaburra Productions
Wild Hearts Can't Be Broken,G,Drama,88,1991,1991-05-24,United States,7.2,5000,Steve Miner,Matt Williams,Gabrielle Anwar,United States,NA,7294835,Walt Disney Pictures
Crash,R,Crime,112,2004,2005-05-06,United States,7.7,424000,Paul Haggis,Paul Haggis,Don Cheadle,United States,6500000,98410061,Bob Yari Productions
Fatal Beauty,R,Action,104,1987,1987-10-30,United States,5.4,3400,Tom Holland,Bill Svanoe,Whoopi Goldberg,United States,NA,12046526,Metro-Goldwyn-Mayer (MGM)
Cadillac Man,R,Comedy,97,1990,1990-05-18,United States,5.7,14000,Roger Donaldson,Ken Friedman,Robin Williams,United States,NA,27627310,Orion Pictures
Molly's Game,R,Biography,140,2017,2018-01-05,United States,7.4,153000,Aaron Sorkin,Aaron Sorkin,Jessica Chastain,China,30000000,59284015,STX Entertainment
Lost Souls,R,Drama,97,2000,2000-10-13,United States,4.8,11000,Janusz Kaminski,Pierce Gardner,Winona Ryder,United States,50000000,31355910,Prufrock Pictures
Black Robe,R,Adventure,101,1991,1991-10-04,United States,7.1,6600,Bruce Beresford,Brian Moore,Lothaire Bluteau,Canada,NA,8211952,Alliance Communications Corporation
Burn After Reading,R,Comedy,96,2008,2008-09-12,United States,7,317000,Ethan Coen,Joel Coen,Brad Pitt,United States,37000000,163728902,Focus Features
Hotel Transylvania 3: Summer Vacation,PG,Animation,97,2018,2018-07-13,United States,6.3,62000,Genndy Tartakovsky,Genndy Tartakovsky,Adam Sandler,United States,80000000,528583774,Sony Pictures Animation
Latter Days,R,Comedy,107,2003,2004-07-01,Israel,7,17000,C. Jay Cox,C. Jay Cox,Wes Ramsey,United States,850000,865028,Funny Boy Films
Johnny Stecchino,R,Comedy,102,1991,1991-10-24,Italy,7.2,10000,Roberto Benigni,Roberto Benigni,Roberto Benigni,Italy,NA,626057,Cecchi Gori Group Tiger Cinematografica
No Man's Land,R,Comedy,98,2001,2001-09-19,France,7.9,45000,Danis Tanovic,Danis Tanovic,Branko Djuric,France,NA,4858869,Noé Productions
Missing in Action,R,Action,101,1984,1984-11-16,United States,5.5,14000,Joseph Zito,Arthur Silver,Chuck Norris,United States,2550000,22812411,The Cannon Group
Pride and Prejudice,PG,Comedy,104,2003,2003-12-05,United States,5.1,2500,Andrew Black,Jane Austen,Kam Heskin,United States,NA,377271,Bestboy Pictures
O Fantasma,Unrated,Drama,87,2000,2000-10-20,Portugal,5.8,3200,João Pedro Rodrigues,João Pedro Rodrigues,Ricardo Meneses,Portugal,NA,126783,Rosa Filmes
Heartburn,R,Comedy,108,1986,1986-07-25,United States,6.1,10000,Mike Nichols,Nora Ephron,Meryl Streep,United States,20000000,25314189,Paramount Pictures
Rang De Basanti,Not Rated,Comedy,167,2006,2006-01-26,United States,8.1,115000,Rakeysh Omprakash Mehra,Renzil D'Silva,Aamir Khan,India,NA,10800778,ROMP
The Accountant,R,Action,128,2016,2016-10-14,United States,7.3,271000,Gavin O'Connor,Bill Dubuque,Ben Affleck,United States,44000000,155160045,Warner Bros.
Think Like a Man Too,PG-13,Comedy,106,2014,2014-06-20,United States,5.8,20000,Tim Story,Keith Merryman,Kevin Hart,United States,24000000,70181428,LStar Capital
Fire Down Below,R,Action,105,1997,1997-09-05,United States,5.1,17000,Félix Enríquez Alcalá,Jeb Stuart,Steven Seagal,United States,60000000,16228448,Warner Bros.
Man Bites Dog,NC-17,Comedy,95,1992,1993-01-15,United States,7.5,37000,Rémy Belvaux,Rémy Belvaux,Benoît Poelvoorde,Belgium,NA,205569,Les Artistes Anonymes
Gwendoline,R,Action,87,1984,1985-01-25,United States,5.3,2700,Just Jaeckin,Just Jaeckin,Tawny Kitaen,France,NA,1337274,Films de L'Alma
A Christmas Carol,PG,Animation,96,2009,2009-11-06,United States,6.8,106000,Robert Zemeckis,Charles Dickens,Jim Carrey,United States,200000000,325286646,Walt Disney Pictures
Romeo Akbar Walter,Not Rated,Action,141,2019,2019-04-05,United States,6.6,5200,Robbie Grewal,Robbie Grewal,John Abraham,India,NA,6111065,Kyta Productions
Lake Placid,R,Action,82,1999,1999-07-16,United States,5.7,56000,Steve Miner,David E. Kelley,Bridget Fonda,United States,35000000,56870414,Fox 2000 Pictures
Rubber,R,Comedy,82,2010,2010-11-10,France,5.8,35000,Quentin Dupieux,Quentin Dupieux,Stephen Spinella,France,500000,101729,Realitism Films
Best Defense,R,Comedy,94,1984,1984-07-20,United States,3.8,5600,Willard Huyck,Robert Grossbach,Dudley Moore,United States,18000000,19265302,Cinema Group Ventures
Absolute Power,R,Action,121,1997,1997-02-14,United States,6.7,52000,Clint Eastwood,David Baldacci,Clint Eastwood,United States,50000000,50068310,Castle Rock Entertainment
Control,R,Comedy,111,2003,2003-11-20,Hungary,7.6,25000,Nimród Antal,Jim Adler,Sándor Csányi,Hungary,NA,1277800,Café Film
Jumanji: Welcome to the Jungle,PG-13,Action,119,2017,2017-12-20,United States,6.9,336000,Jake Kasdan,Chris McKenna,Dwayne Johnson,United States,90000000,962542945,Columbia Pictures
Love's Labour's Lost,PG,Romance,93,2000,2000-03-31,United Kingdom,6,4400,Kenneth Branagh,William Shakespeare,Alessandro Nivola,United Kingdom,13000000,299792,Pathé Pictures International
The Notebook,PG-13,Drama,123,2004,2004-06-25,United States,7.8,534000,Nick Cassavetes,Jeremy Leven,Gena Rowlands,United States,29000000,117815157,New Line Cinema
Nanny McPhee Returns,PG,Comedy,109,2010,2010-08-20,United States,6.1,30000,Susanna White,Emma Thompson,Emma Thompson,United Kingdom,35000000,93251121,Universal Pictures
The Weight of Water,R,Crime,114,2000,2002-07-31,France,5.9,9100,Kathryn Bigelow,Anita Shreve,Catherine McCormack,United States,16000000,321279,StudioCanal
Dark City,R,Fantasy,100,1998,1998-02-27,United States,7.6,191000,Alex Proyas,Alex Proyas,Rufus Sewell,Australia,27000000,27200316,Mystery Clock Cinema
Wanderlust,R,Comedy,98,2012,2012-02-24,United States,5.6,74000,David Wain,David Wain,Jennifer Aniston,United States,NA,23812816,A Hot Dog
The Matrix Reloaded,R,Action,138,2003,2003-05-15,United States,7.2,529000,Lana Wachowski,Lilly Wachowski,Keanu Reeves,United States,150000000,741847937,Warner Bros.
White Girl,Not Rated,Crime,88,2016,2016-12-01,United States,5.7,10000,Elizabeth Wood,Elizabeth Wood,Morgan Saylor,United States,NA,200242,Bank Street Films
Sisters,R,Comedy,118,2015,2015-12-18,United States,6,64000,Jason Moore,Paula Pell,Amy Poehler,United States,30000000,105011053,Little Stranger
How to Get Ahead in Advertising,R,Comedy,90,1989,1990-03-29,West Germany,6.9,5700,Bruce Robinson,Bruce Robinson,Richard E. Grant,United Kingdom,NA,418053,HandMade Films
World Trade Center,PG-13,Drama,129,2006,2006-08-09,United States,5.9,79000,Oliver Stone,Andrea Berloff,Nicolas Cage,United States,65000000,163247198,Paramount Pictures
Mr. Popper's Penguins,PG,Comedy,94,2011,2011-06-17,United States,6,91000,Mark Waters,Sean Anders,Jim Carrey,United States,55000000,187361754,Twentieth Century Fox
Soul Food,R,Comedy,115,1997,1997-09-26,United States,7,7400,George Tillman Jr.,George Tillman Jr.,Vanessa Williams,United States,7500000,43700855,Fox 2000 Pictures
Final Analysis,R,Drama,124,1992,1992-02-07,United States,5.9,14000,Phil Joanou,Robert Berger,Richard Gere,United States,32000000,28590665,Warner Bros.
Anna,R,Drama,99,2013,2014-01-24,Spain,6.5,22000,Jorge Dorado,Guy Holmes,Mark Strong,Spain,7000000,1257142,The Safran Company
Caravaggio,NA,Biography,93,1986,1986-08-29,United States,6.6,5500,Derek Jarman,Derek Jarman,Noam Almaz,United Kingdom,NA,5478,British Film Institute (BFI)
K2,R,Adventure,104,1991,1992-05-01,United States,6.2,6500,Franc Roddam,Patrick Meyers,Michael Biehn,United Kingdom,NA,3106559,Paramount Pictures
Just Married,PG-13,Comedy,95,2003,2003-01-10,United States,5.5,69000,Shawn Levy,Sam Harper,Ashton Kutcher,United States,18000000,101564935,Twentieth Century Fox
Boat Trip,R,Comedy,94,2002,2003-03-21,United States,4.9,31000,Mort Nathan,Mort Nathan,Cuba Gooding Jr.,United States,20000000,15020293,Motion Picture Corporation of America (MPCA)
Marie,PG-13,Biography,112,1985,1985-09-27,United States,6.7,861,Roger Donaldson,Peter Maas,Sissy Spacek,United States,NA,2507995,Dino De Laurentiis Company
Paradise,R,Adventure,100,1982,1982-05-07,United States,4.9,2500,Stuart Gillard,Stuart Gillard,Willie Aames,Canada,NA,5588800,Embassy Pictures
I Am Number Four,PG-13,Action,111,2011,2011-02-18,United States,6.1,230000,D.J. Caruso,Alfred Gough,Alex Pettyfer,United States,60000000,149878437,Dreamworks Pictures
A Night in the Life of Jimmy Reardon,R,Comedy,90,1988,1988-02-26,United States,5.5,2600,William Richert,William Richert,River Phoenix,United States,NA,6264058,Island Pictures
Snowpiercer,R,Action,126,2013,2014-07-11,United States,7.1,335000,Bong Joon Ho,Jacques Lob,Chris Evans,South Korea,39200000,86758912,SnowPiercer
Prospero's Books,R,Drama,124,1991,1991-08-30,United Kingdom,6.9,6100,Peter Greenaway,William Shakespeare,John Gielgud,United Kingdom,NA,1750301,Allarts
Kill the Messenger,R,Biography,112,2014,2014-10-09,Hungary,6.9,45000,Michael Cuesta,Peter Landesman,Jeremy Renner,United States,NA,5218973,Sierra / Affinity
Square Dance,PG-13,Drama,112,1987,1988-01-09,Japan,5.9,878,Daniel Petrie,Alan Hines,Jason Robards,United States,NA,225358,Island Pictures
Spotlight,R,Biography,129,2015,2015-11-20,United States,8.1,435000,Tom McCarthy,Josh Singer,Mark Ruffalo,United States,20000000,98690254,Participant
The Witches of Eastwick,R,Comedy,118,1987,1987-06-12,United States,6.6,65000,George Miller,John Updike,Jack Nicholson,United States,22000000,63766510,Warner Bros.
Patch Adams,PG-13,Biography,115,1998,1998-12-25,United States,6.8,108000,Tom Shadyac,Patch Adams,Robin Williams,United States,90000000,202292902,Universal Pictures
Dolittle,PG,Adventure,101,2020,2020-01-17,United States,5.6,53000,Stephen Gaghan,Stephen Gaghan,Robert Downey Jr.,United States,175000000,245487753,Universal Pictures
Exterminator 2,R,Action,89,1984,1984-09-14,United States,4.5,2000,Mark Buntzman,Mark Buntzman,Robert Ginty,United States,NA,3739406,The Cannon Group
It's My Turn,R,Comedy,91,1980,1981-02-05,Argentina,5.5,875,Claudia Weill,Eleanor Bergstein,Jill Clayburgh,United States,NA,NA,Rastar Films
Padmaavat,Not Rated,Drama,164,2018,2018-01-25,India,7,29000,Sanjay Leela Bhansali,Prakash Kapadia,Deepika Padukone,India,NA,60508780,Bhansali Productions
The Adventures of Ford Fairlane,R,Action,104,1990,1990-07-11,United States,6.4,17000,Renny Harlin,Daniel Waters,Andrew Dice Clay,United States,20000000,21413502,Twentieth Century Fox
"Yor, the Hunter from the Future",PG,Action,88,1983,1983-08-19,United States,4.4,2900,Antonio Margheriti,Juan Zanotto,Reb Brown,Italy,NA,2810199,Diamant Film
Æon Flux,PG-13,Action,93,2005,2005-12-02,United States,5.5,125000,Karyn Kusama,Phil Hay,Charlize Theron,United States,62000000,53321673,Paramount Pictures
Extreme Measures,R,Crime,118,1996,1996-09-27,United States,6.2,17000,Michael Apted,Michael Palmer,Hugh Grant,United Kingdom,38000000,17380126,Castle Rock Entertainment
Aria,R,Comedy,90,1987,1987-09-15,United States,5.8,2600,Directors,Robert Altman,John Hurt,United Kingdom,NA,1028679,Lightyear Entertainment
We're the Millers,R,Comedy,110,2013,2013-08-07,United States,7,415000,Rawson Marshall Thurber,Bob Fisher,Jason Sudeikis,United States,37000000,269994119,New Line Cinema
Snow Falling on Cedars,PG-13,Drama,127,1999,2000-01-07,United States,6.8,14000,Scott Hicks,David Guterson,Ethan Hawke,United States,35000000,23049593,Universal Pictures
Kama Sutra: A Tale of Love,Unrated,Crime,114,1996,1997-02-28,United States,6,10000,Mira Nair,Helena Kriel,Naveen Andrews,United Kingdom,3000000,4109095,NDF International
Much Ado About Nothing,PG-13,Comedy,111,1993,1993-07-02,United States,7.3,46000,Kenneth Branagh,William Shakespeare,Kenneth Branagh,United Kingdom,11000000,22549338,Renaissance Films
Deep Cover,R,Action,107,1992,1992-04-15,United States,6.9,9500,Bill Duke,Michael Tolkin,Laurence Fishburne,United States,8000000,16639799,Image Organization
Redbelt,R,Drama,99,2008,2008-05-09,United States,6.7,21000,David Mamet,David Mamet,Chiwetel Ejiofor,United States,7000000,2674090,Sony Pictures Classics
Serial Mom,R,Comedy,95,1994,1994-04-13,United States,6.8,28000,John Waters,John Waters,Kathleen Turner,United States,13000000,7820688,Savoy Pictures
The Ringer,PG-13,Comedy,94,2005,2005-12-23,United States,5.8,36000,Barry W. Blaustein,Ricky Blitt,Johnny Knoxville,United States,NA,40442443,Conundrum Entertainment
Robots,PG,Animation,91,2005,2005-03-11,United States,6.3,137000,Chris Wedge,Ron Mita,Ewan McGregor,United States,75000000,262511490,Twentieth Century Fox Animation
Madame Bovary,PG-13,Drama,143,1991,1991-12-25,United States,6.6,3600,Claude Chabrol,Gustave Flaubert,Isabelle Huppert,France,NA,1942423,MK2 Productions
Cabin Boy,PG-13,Adventure,80,1994,1994-01-07,United States,5.3,8200,Adam Resnick,Chris Elliott,Chris Elliott,United States,9000000,3662459,Touchstone Pictures
Surf's Up,PG,Animation,85,2007,2007-06-08,United States,6.7,72000,Ash Brannon,Don Rhymer,Shia LaBeouf,United States,100000000,152005713,Columbia Pictures
Detroit,R,Crime,143,2017,2017-08-04,United States,7.3,50000,Kathryn Bigelow,Mark Boal,John Boyega,United States,34000000,23355100,Annapurna Pictures
Stranger Than Paradise,R,Comedy,89,1984,1984-10-04,United Kingdom,7.5,36000,Jim Jarmusch,Jim Jarmusch,John Lurie,United States,90000,2436000,Cinesthesia Productions
Shall We Dance,PG-13,Comedy,106,2004,2004-10-15,United States,6.1,45000,Peter Chelsom,Masayuki Suô,Richard Gere,United States,50000000,170128460,Miramax
A Chorus Line,PG-13,Drama,113,1985,1985-12-20,United States,6.2,9300,Richard Attenborough,Arnold Schulman,Michael Douglas,United States,27000000,14202899,Embassy Pictures
The Pledge,R,Crime,124,2001,2001-01-19,United States,6.8,55000,Sean Penn,Friedrich Dürrenmatt,Jack Nicholson,United States,35000000,29419291,Morgan Creek Entertainment
Alvin and the Chipmunks: The Road Chip,PG,Animation,92,2015,2015-12-18,United States,5,18000,Walt Becker,Ross Bagdasarian,Jason Lee,United States,90000000,234798636,Fox 2000 Pictures
A Hologram for the King,R,Comedy,98,2016,2016-04-28,Germany,6.1,42000,Tom Tykwer,Dave Eggers,Tom Hanks,United Kingdom,30000000,9169507,X-Filme Creative Pool
The Puppet Masters,R,Horror,109,1994,1994-10-21,United States,5.9,8500,Stuart Orme,Robert A. Heinlein,Donald Sutherland,United States,NA,8647042,Hollywood Pictures
Bad Education,NC-17,Crime,106,2004,2005-02-11,United States,7.4,57000,Pedro Almodóvar,Pedro Almodóvar,Gael García Bernal,Spain,5000000,40423279,Canal+ España
The Benchwarmers,PG-13,Comedy,85,2006,2006-04-07,United States,5.5,49000,Dennis Dugan,Allen Covert,David Spade,United States,33000000,64962629,Revolution Studios
Wild Hogs,PG-13,Action,100,2007,2007-03-02,United States,5.8,115000,Walt Becker,Brad Copeland,Tim Allen,United States,NA,253625427,Touchstone Pictures
Bad Santa,R,Comedy,92,2003,2003-11-26,United States,7,137000,Terry Zwigoff,Glenn Ficarra,Billy Bob Thornton,Germany,23000000,76490720,Columbia Pictures
The Assignment,R,Action,115,1997,1997-09-26,United States,6.9,9000,Christian Duguay,Dan Gordon,Aidan Quinn,Canada,NA,332597,Triumph Films
Heathers,R,Comedy,103,1988,1989-03-31,United States,7.2,92000,Michael Lehmann,Daniel Waters,Winona Ryder,United States,3000000,1163969,New World Pictures
Highlander: The Final Dimension,PG-13,Action,99,1994,1995-01-27,United States,4.5,20000,Andrew Morahan,Gregory Widen,Christopher Lambert,United Kingdom,26000000,12303080,Fallingcloud
Gossip,R,Drama,90,2000,2000-04-21,United States,5.9,15000,Davis Guggenheim,Gregory Poirier,James Marsden,United States,24000000,12591270,NPV Entertainment
Husbands and Wives,R,Comedy,108,1992,1992-09-18,United States,7.5,28000,Woody Allen,Woody Allen,Woody Allen,United States,20000000,10555619,Jack Rollins & Charles H. Joffe Productions
Bob Roberts,R,Comedy,102,1992,1992-09-04,United States,7,13000,Tim Robbins,Tim Robbins,Tim Robbins,United States,NA,4479470,Miramax
Cop,R,Crime,110,1988,1988-03-11,United States,6.4,4800,James B. Harris,James Ellroy,James Woods,United States,3000000,1984315,Atlantic Entertainment Group
Wallace & Gromit: The Curse of the Were-Rabbit,G,Animation,85,2005,2005-10-07,United States,7.4,128000,Steve Box,Steve Box,Peter Sallis,United Kingdom,30000000,194137091,Aardman Animations
The Aviator,PG-13,Biography,170,2004,2004-12-25,United States,7.5,342000,Martin Scorsese,John Logan,Leonardo DiCaprio,United States,110000000,213719942,Forward Pass
Leaving Normal,R,Comedy,110,1992,1992-04-29,United States,6.6,1300,Edward Zwick,Ed Solomon,Christine Lahti,United States,NA,1514114,Mirage Entertainment
Neighbors,R,Comedy,97,2014,2014-05-09,United States,6.3,294000,Nicholas Stoller,Andrew Jay Cohen,Seth Rogen,United States,18000000,270665134,Good Universe
Middle Men,R,Comedy,105,2009,2010-08-06,United States,6.8,37000,George Gallo,George Gallo,Luke Wilson,United States,20000000,754301,Paramount Pictures
Night at the Museum,PG,Adventure,108,2006,2006-12-22,United States,6.4,323000,Shawn Levy,Robert Ben Garant,Ben Stiller,United States,110000000,574481229,Twentieth Century Fox
Casualties of War,R,Action,113,1989,1989-08-18,United States,7.1,42000,Brian De Palma,Daniel Lang,Michael J. Fox,United States,22500000,18671317,Art Linson Productions
Night on Earth,R,Comedy,129,1991,1991-12-12,Germany,7.7,57000,Jim Jarmusch,Jim Jarmusch,Winona Ryder,France,3500000,2023808,Victor Company of Japan (JVC)
The Deep Blue Sea,R,Drama,98,2011,2011-11-25,United Kingdom,6.2,15000,Terence Davies,Terence Rattigan,Rachel Weisz,United Kingdom,NA,3143514,Camberwell / Fly Films
The 13th Warrior,R,Action,102,1999,1999-08-27,United States,6.6,119000,John McTiernan,Michael Crichton,Antonio Banderas,United States,160000000,61698899,Touchstone Pictures
Ice Age,PG,Animation,81,2002,2002-03-15,United States,7.5,452000,Chris Wedge,Michael J. Wilson,Denis Leary,United States,59000000,383257136,Twentieth Century Fox
The Living End,Unrated,Comedy,81,1992,1992-08-21,United States,6.5,2900,Gregg Araki,Gregg Araki,Mike Dytri,United States,22769,692585,Desperate Pictures
Shiloh,PG,Drama,93,1996,1997-04-25,United States,6.4,3100,Dale Rosenbloom,Phyllis Reynolds Naylor,Blake Heron,United States,NA,1007822,Good Dog Productions LLC
Brad's Status,R,Comedy,102,2017,2017-09-15,United States,6.5,17000,Mike White,Mike White,Ben Stiller,United States,NA,3816527,Amazon Studios
Footloose,PG,Drama,107,1984,1984-02-17,United States,6.6,73000,Herbert Ross,Dean Pitchford,Kevin Bacon,United States,8200000,80039064,Paramount Pictures
Tyler Perry's Why Did I Get Married?,PG-13,Comedy,113,2007,2007-10-12,United States,5.9,12000,Tyler Perry,Tyler Perry,Tyler Perry,United States,15000000,55862886,Lions Gate Films
As It Is in Heaven,Not Rated,Comedy,133,2004,2004-09-03,Sweden,7.5,17000,Kay Pollak,Anders Nyberg,Michael Nyqvist,Sweden,NA,18328469,Sonet Film AB
The Equalizer,R,Action,132,2014,2014-09-26,United States,7.2,344000,Antoine Fuqua,Richard Wenk,Denzel Washington,United States,55000000,192330738,Columbia Pictures
King Solomon's Mines,PG-13,Action,100,1985,1985-11-22,United States,5.2,13000,J. Lee Thompson,H. Rider Haggard,Richard Chamberlain,United States,12500000,15057465,The Cannon Group
The Beautiful Troublemaker,Unrated,Drama,238,1991,1991-09-04,France,7.6,7500,Jacques Rivette,Pascal Bonitzer,Michel Piccoli,France,NA,403056,Pierre Grise Productions
Lost & Found,PG-13,Comedy,100,1999,1999-04-23,United States,5.1,6200,Jeff Pollack,J.B. Cook,David Spade,United States,30000000,6552255,Alcon Entertainment
Calendar Girl,PG-13,Comedy,90,1993,1993-09-03,United States,5.1,2100,John Whitesell,Paul W. Shapiro,Jason Priestley,United States,13000000,2570550,Parkway Productions
Appaloosa,R,Action,115,2008,2008-10-03,United States,6.7,59000,Ed Harris,Robert Knott,Ed Harris,United States,20000000,27712362,New Line Cinema
Warlock,R,Action,103,1989,1991-01-11,United States,6.2,16000,Steve Miner,David Twohy,Julian Sands,United States,7000000,9094451,New World Pictures
Matewan,PG-13,Drama,135,1987,1987-08-28,United States,7.9,7500,John Sayles,John Sayles,Chris Cooper,United States,4000000,1680358,Cinecom Entertainment Group
Hot Tub Time Machine 2,R,Comedy,93,2015,2015-02-20,United States,5.1,38000,Steve Pink,Josh Heald,Rob Corddry,United States,14000000,13081651,Paramount Pictures
Monsoon Wedding,R,Comedy,114,2001,2002-04-26,United States,7.4,24000,Mira Nair,Sabrina Dhawan,Naseeruddin Shah,India,NA,30787356,IFC Productions
Cool Runnings,PG,Adventure,98,1993,1993-10-01,United States,7,96000,Jon Turteltaub,Lynn Siefert,John Candy,United States,14000000,154856263,Walt Disney Pictures
Panther,R,Drama,124,1995,1995-05-03,United States,6.4,2300,Mario Van Peebles,Melvin Van Peebles,Kadeem Hardison,United Kingdom,NA,6834525,Gramercy Pictures (I)
Hercules,G,Animation,93,1997,1997-06-27,United States,7.3,212000,Ron Clements,Ron Clements,Tate Donovan,United States,85000000,252712101,Walt Disney Pictures
The Pillow Book,Not Rated,Drama,126,1996,1997-06-06,United States,6.7,13000,Peter Greenaway,Sei Shonagon,Vivian Wu,Netherlands,NA,2372744,Centurion
There Will Be Blood,R,Drama,158,2007,2008-01-25,United States,8.2,535000,Paul Thomas Anderson,Paul Thomas Anderson,Daniel Day-Lewis,United States,25000000,76182388,Paramount Vantage
All the Right Moves,R,Drama,91,1983,1983-10-21,United States,5.9,16000,Michael Chapman,Michael Kane,Tom Cruise,United States,5600000,17233166,Lucille Ball Productions
My Sister's Keeper,PG-13,Drama,109,2009,2009-06-26,United States,7.4,91000,Nick Cassavetes,Jeremy Leven,Cameron Diaz,United States,30000000,95714875,Curmudgeon Films
Hidalgo,PG-13,Action,136,2004,2004-03-05,United States,6.7,79000,Joe Johnston,John Fusco,Viggo Mortensen,United States,100000000,108040622,Touchstone Pictures
Mirror Mirror,PG,Adventure,106,2012,2012-03-30,United States,5.6,85000,Tarsem Singh,Marc Klein,Lily Collins,United States,85000000,183018522,Relativity Media
Mr. Church,PG-13,Comedy,104,2016,2016-11-11,Netherlands,7.7,27000,Bruce Beresford,Susan McMartin,Eddie Murphy,United States,8000000,685780,Cinelou Films
Hello Again,PG,Comedy,96,1987,1987-11-06,United States,5.3,3200,Frank Perry,Susan Isaacs,Shelley Long,United States,NA,20419446,Touchstone Pictures
Conan the Barbarian,R,Action,129,1982,1982-05-14,United States,6.9,141000,John Milius,Robert E. Howard,Arnold Schwarzenegger,United States,20000000,68851475,Universal Pictures
Donnie Darko,R,Drama,113,2001,2001-01-19,Mexico,8,755000,Richard Kelly,Richard Kelly,Jake Gyllenhaal,United States,6000000,6981586,Pandora Cinema
Cracks,R,Drama,104,2009,2011-03-18,United States,6.7,19000,Jordan Scott,Ben Court,Eva Green,United Kingdom,NA,101860,Antena 3 Films
Changeling,R,Biography,141,2008,2008-10-31,United States,7.7,244000,Clint Eastwood,J. Michael Straczynski,Angelina Jolie,United States,55000000,113398237,Imagine Entertainment
Robin Hood,PG-13,Action,140,2010,2010-05-14,United States,6.6,257000,Ridley Scott,Brian Helgeland,Russell Crowe,United States,200000000,321669741,Universal Pictures
The Man Who Knew Infinity,PG-13,Biography,108,2015,2016-04-29,United States,7.2,53000,Matt Brown,Matt Brown,Dev Patel,United Kingdom,10000000,12252684,Pressman Film
CB4,R,Comedy,89,1993,1993-03-12,United States,6.3,9000,Tamra Davis,Chris Rock,Chris Rock,United States,6000000,17953778,Imagine Entertainment
The Lego Ninjago Movie,PG,Animation,101,2017,2017-09-22,United States,6,24000,Charlie Bean,Bob Logan,Jackie Chan,United States,70000000,123081555,Animal Logic
The Sea Inside,PG-13,Biography,126,2004,2005-03-04,United States,8,79000,Alejandro Amenábar,Alejandro Amenábar,Javier Bardem,Spain,NA,43731621,Sogepaq
Son of a Gun,R,Action,108,2014,2014-12-11,United States,6.4,27000,Julius Avery,Julius Avery,Ewan McGregor,Australia,NA,660241,Screen Australia
The Dressmaker,R,Comedy,119,2015,2015-10-29,Australia,7.1,56000,Jocelyn Moorhouse,Rosalie Ham,Kate Winslet,Australia,NA,25003426,Screen Australia
The Longshot,PG-13,Comedy,89,1986,1986-01-17,United States,5.4,565,Paul Bartel,Tim Conway,Tim Conway,United States,NA,NA,Orion Pictures
Evil Under the Sun,PG,Crime,117,1982,1982-03-05,United States,7.1,15000,Guy Hamilton,Anthony Shaffer,Peter Ustinov,United Kingdom,10000000,6110670,EMI Films
Chocolat,PG-13,Drama,121,2000,2001-01-19,United States,7.2,181000,Lasse Hallström,Joanne Harris,Juliette Binoche,United Kingdom,25000000,152699976,Miramax
Monkey Shines,R,Drama,113,1988,1988-07-29,United States,6.2,11000,George A. Romero,Michael Stewart,Jason Beghe,United States,7000000,5344577,Orion Pictures
The Buddy System,PG,Drama,110,1984,1984-01-20,United States,5.7,794,Glenn Jordan,Mary Agnes Donoghue,Richard Dreyfuss,United States,NA,1820049,Twentieth Century Fox
Spectre,PG-13,Action,148,2015,2015-11-06,United States,6.8,393000,Sam Mendes,John Logan,Daniel Craig,United Kingdom,245000000,880681519,B24
Romy and Michele's High School Reunion,R,Comedy,92,1997,1997-04-25,United States,6.2,43000,David Mirkin,Robin Schiff,Mira Sorvino,United States,NA,29235353,Touchstone Pictures
Christopher Columbus: The Discovery,PG-13,Adventure,120,1992,1992-08-21,United States,4.5,2800,John Glen,Mario Puzo,Marlon Brando,United Kingdom,40000000,8251071,Christopher Columbus Productions
Two If by Sea,R,Comedy,96,1996,1996-01-12,United States,5.2,5500,Bill Bennett,Denis Leary,Sandra Bullock,United States,NA,10658278,Morgan Creek Entertainment
Five Feet Apart,PG-13,Drama,116,2019,2019-03-15,United States,7.2,51000,Justin Baldoni,Mikki Daughtry,Haley Lu Richardson,United States,7000000,91527795,CBS Films
S.O.B.,R,Comedy,122,1981,1981-07-01,United States,6.4,5700,Blake Edwards,Blake Edwards,Julie Andrews,United States,12000000,14867086,Artista Management
Jigsaw,R,Crime,92,2017,2017-10-27,United States,5.8,73000,Michael Spierig,Josh Stolberg,Matt Passmore,Canada,10000000,102952888,Twisted Pictures
Haywire,R,Action,93,2011,2012-01-20,United States,5.8,85000,Steven Soderbergh,Lem Dobbs,Gina Carano,Ireland,23000000,34513760,Relativity Media
The Good Girl,R,Drama,93,2002,2002-08-30,United States,6.4,44000,Miguel Arteta,Mike White,Jennifer Aniston,United States,8000000,16860964,Flan de Coco Films
Bride & Prejudice,PG-13,Comedy,122,2004,2005-03-11,United States,6.2,20000,Gurinder Chadha,Jane Austen,Martin Henderson,United Kingdom,7000000,24716440,Pathé Pictures International
Midnight Sun,PG-13,Drama,91,2018,2018-03-23,United States,6.6,26000,Scott Speer,Kenji Bando,Bella Thorne,United States,2800000,27365467,Boies / Schiller Film Group
BloodRayne,R,Action,95,2005,2006-01-06,United States,2.9,34000,Uwe Boll,Guinevere Turner,Kristanna Loken,Germany,25000000,3650275,Boll Kino Beteiligungs GmbH & Co. KG
The Mother,R,Drama,112,2003,2004-06-18,United States,6.8,4000,Roger Michell,Hanif Kureishi,Anne Reid,United Kingdom,2500000,3039587,BBC Films
The Death of Stalin,R,Comedy,107,2017,2018-03-09,United States,7.2,92000,Armando Iannucci,Armando Iannucci,Steve Buscemi,United Kingdom,13000000,24646055,Quad Productions
Thelma & Louise,R,Adventure,130,1991,1991-05-24,United States,7.5,142000,Ridley Scott,Callie Khouri,Susan Sarandon,United States,16500000,45456285,Pathé Entertainment
Angus,PG-13,Comedy,90,1995,1995-09-15,United States,6.7,6400,Patrick Read Johnson,Chris Crutcher,Charlie Talbert,United Kingdom,NA,4821759,Atlas Entertainment
The House of Yes,R,Comedy,85,1997,1997-10-10,United States,6.6,7700,Mark Waters,Wendy MacLeod,Parker Posey,United States,1500000,626057,Bandeira Entertainment
Secondhand Lions,PG,Comedy,109,2003,2003-09-19,United States,7.5,54000,Tim McCanlies,Tim McCanlies,Haley Joel Osment,United States,30000000,48260279,New Line Cinema
The Night We Never Met,R,Comedy,99,1993,1993-04-30,United States,6,2400,Warren Leight,Warren Leight,Matthew Broderick,United States,8000000,1884814,Miramax
Coming to America,R,Comedy,117,1988,1988-06-29,United States,7.1,196000,John Landis,Eddie Murphy,Eddie Murphy,United States,39000000,288752301,Paramount Pictures
The Importance of Being Earnest,PG,Comedy,97,2002,2002-06-21,United States,6.8,22000,Oliver Parker,Oscar Wilde,Rupert Everett,United Kingdom,15000000,18009625,Miramax
Tall Tale,PG,Adventure,96,1995,1995-03-24,United States,5.9,3500,Jeremiah S. Chechik,Steve Bloom,Patrick Swayze,United States,32000000,11047627,Caravan Pictures
Last Plane Out,PG,Action,92,1983,1983-09-23,United States,4.5,131,David Nelson,Ernest Tidyman,Jan-Michael Vincent,United States,NA,NA,NA
Death Warrant,R,Action,89,1990,1990-09-14,United States,5.7,18000,Deran Sarafian,David S. Goyer,Jean-Claude Van Damme,United States,4000000,16853487,Cannon Films
X-Men: the Last Stand,PG-13,Action,104,2006,2006-05-26,United States,6.7,491000,Brett Ratner,Simon Kinberg,Patrick Stewart,United States,210000000,460435291,Twentieth Century Fox
Sex Is Comedy,R,Comedy,92,2002,2002-06-05,France,5.6,2800,Catherine Breillat,Catherine Breillat,Anne Parillaud,France,NA,411830,Arte France Cinéma
"Silent Night, Deadly Night",R,Horror,79,1984,1984-11-09,United States,5.9,14000,Charles E. Sellier Jr.,Paul Caimi,Lilyan Chauvin,United States,1065000,2491460,TriStar Pictures
Compliance,R,Crime,90,2012,2012-09-26,France,6.4,33000,Craig Zobel,Craig Zobel,Ann Dowd,United States,270000,592116,Bad Cop Bad Cop Film Productions
How to Make an American Quilt,PG-13,Comedy,117,1995,1995-10-06,United States,6.3,11000,Jocelyn Moorhouse,Whitney Otto,Winona Ryder,United States,10000000,41200020,Universal Pictures
Cadence,PG-13,Drama,97,1990,1991-02-15,United States,6.5,5300,Martin Sheen,Dennis Shryack,Charlie Sheen,United States,4000000,2070871,The Movie Group
Gun Shy,R,Comedy,101,2000,2000-03-09,Australia,5.7,7000,Eric Blakeney,Eric Blakeney,Liam Neeson,United States,14000000,3284444,Hollywood Pictures
The Watch,R,Comedy,102,2012,2012-07-27,United States,5.7,123000,Akiva Schaffer,Jared Stern,Ben Stiller,United States,68000000,68267862,Twentieth Century Fox
The Iron Lady,PG-13,Biography,105,2011,2012-01-13,United States,6.4,105000,Phyllida Lloyd,Abi Morgan,Meryl Streep,United Kingdom,13000000,115890699,DJ Films
Last of the Dogmen,PG,Adventure,118,1995,1995-09-08,United States,7,5000,Tab Murphy,Tab Murphy,Tom Berenger,United States,NA,7024389,Carolco Pictures
The Name of the Rose,R,Crime,130,1986,1986-09-24,United States,7.7,104000,Jean-Jacques Annaud,Umberto Eco,Sean Connery,West Germany,NA,7153487,Constantin Film
Jacob's Ladder,R,Drama,113,1990,1990-11-02,United States,7.5,101000,Adrian Lyne,Bruce Joel Rubin,Tim Robbins,United States,25000000,26118851,Carolco Pictures
The Natural,PG,Drama,138,1984,1984-05-11,United States,7.5,46000,Barry Levinson,Bernard Malamud,Robert Redford,United States,28000000,47951979,TriStar Pictures
Maverick,PG,Action,127,1994,1994-05-20,United States,7,104000,Richard Donner,Roy Huggins,Mel Gibson,United States,75000000,183031272,Donner/Shuler-Donner Productions
In the Mouth of Madness,R,Drama,95,1994,1995-02-03,United States,7.2,64000,John Carpenter,Michael De Luca,Sam Neill,United States,8000000,8924549,New Line Cinema
American Heart,R,Crime,113,1992,1993-05-07,United States,6.7,3200,Martin Bell,Peter Silverman,Jeff Bridges,United States,10000000,384048,Avenue Pictures
Fast & Furious 6,PG-13,Action,130,2013,2013-05-24,United States,7,377000,Justin Lin,Chris Morgan,Vin Diesel,United States,160000000,788680968,Universal Pictures
The Take,R,Action,92,2016,2016-11-18,United States,6.3,40000,James Watkins,Andrew Baldwin,Idris Elba,United Kingdom,20000000,14857808,StudioCanal
The Least of These: The Graham Staines Story,PG-13,Drama,112,2019,2019-03-29,India,6.4,806,Aneesh Daniel,Andrew E. Matthews,Sharman Joshi,United States,NA,695164,Skypass Entertainment
"Paris, je t'aime",R,Comedy,120,2006,2007-06-15,United States,7.2,71000,Directors,Tristan Carné,Juliette Binoche,France,13000000,17471727,Victoires International
Sweet and Lowdown,PG-13,Comedy,95,1999,2000-03-10,United States,7.2,33000,Woody Allen,Woody Allen,Sean Penn,United States,29750000,4525794,Sweetland Films
Black Dog,PG-13,Action,89,1998,1998-05-01,United States,5.4,8600,Kevin Hooks,William Mickelberry,Patrick Swayze,United States,30000000,12951088,Universal Pictures
Limitless,PG-13,Sci-Fi,105,2011,2011-03-18,United States,7.4,538000,Neil Burger,Leslie Dixon,Bradley Cooper,United States,27000000,161849455,Relativity Media
Leatherface: Texas Chainsaw Massacre III,R,Horror,85,1990,1990-01-12,United States,5.1,15000,Jeff Burr,Kim Henkel,Kate Hodge,United States,2000000,5765562,Nicolas Entertainment
Brainscan,R,Comedy,96,1994,1994-04-22,United States,6.1,11000,John Flynn,Brian Owens,Edward Furlong,United Kingdom,NA,4352094,Admire Productions Ltd.
The Piano,R,Drama,121,1993,1994-02-11,United States,7.6,81000,Jane Campion,Jane Campion,Holly Hunter,New Zealand,7000000,40185556,CiBy 2000
Mona Lisa Smile,PG-13,Drama,117,2003,2003-12-19,United States,6.5,79000,Mike Newell,Lawrence Konner,Julia Roberts,United States,65000000,141337989,Revolution Studios
Meet the Parents,PG-13,Comedy,108,2000,2000-10-06,United States,7,317000,Jay Roach,Greg Glienna,Ben Stiller,United States,55000000,330444045,Universal Pictures
Ma,R,Horror,99,2019,2019-05-31,United States,5.6,46000,Tate Taylor,Scotty Landes,Octavia Spencer,Japan,5000000,61105744,Blumhouse Productions
The Age of Innocence,PG,Drama,139,1993,1993-10-01,United States,7.2,56000,Martin Scorsese,Edith Wharton,Daniel Day-Lewis,United States,34000000,32255440,Columbia Pictures
Private School,R,Comedy,89,1983,1983-07-29,United States,5.3,6100,Noel Black,Dan Greenburg,Phoebe Cates,United States,3500000,14049540,Unity Productions
Antitrust,PG-13,Action,108,2001,2001-01-12,United States,6.1,29000,Peter Howitt,Howard Franklin,Ryan Phillippe,United States,30000000,18195610,Metro-Goldwyn-Mayer (MGM)
Bucky Larson: Born to Be a Star,R,Comedy,97,2011,2011-09-09,United States,3.2,12000,Tom Brady,Adam Sandler,Nick Swardson,United States,10000000,2530394,Columbia Pictures
What a Girl Wants,PG,Comedy,105,2003,2003-04-04,United States,5.8,61000,Dennie Gordon,William Douglas-Home,Amanda Bynes,United States,25000000,50732139,Warner Bros.
"Paris, Texas",R,Drama,145,1984,1984-08-23,United Kingdom,8.1,96000,Wim Wenders,L.M. Kit Carson,Harry Dean Stanton,West Germany,NA,2207548,Road Movies Filmproduktion
Chariots of Fire,PG,Biography,125,1981,1982-04-09,United States,7.2,56000,Hugh Hudson,Colin Welland,Ben Cross,United Kingdom,5500000,59303359,Enigma Productions
"Crouching Tiger, Hidden Dragon",PG-13,Action,120,2000,2001-01-12,United States,7.8,258000,Ang Lee,Hui-Ling Wang,Chow Yun-Fat,Taiwan,17000000,213525736,Asia Union Film & Entertainment Ltd.
Some Kind of Hero,R,Comedy,97,1982,1982-04-02,United States,5.8,1400,Michael Pressman,Robert Boris,Richard Pryor,United States,NA,23671186,Paramount Pictures
The Hunger,R,Drama,97,1983,1983-04-29,United States,6.7,24000,Tony Scott,James Costigan,Catherine Deneuve,United Kingdom,NA,5988322,Metro-Goldwyn-Mayer (MGM)
Robin Hood: Men in Tights,PG-13,Adventure,104,1993,1993-07-28,United States,6.7,119000,Mel Brooks,J.D. Shapiro,Cary Elwes,France,20000000,35739755,Brooksfilms
Instant Family,PG-13,Comedy,118,2018,2018-11-16,United States,7.3,97000,Sean Anders,Sean Anders,Mark Wahlberg,United States,48000000,120556201,Closest to the Hole Productions
The Sheltering Sky,R,Adventure,138,1990,1990-12-12,United States,6.8,12000,Bernardo Bertolucci,Paul Bowles,Debra Winger,United Kingdom,25000000,2075084,Recorded Picture Company (RPC)
Aliens in the Attic,PG,Adventure,86,2009,2009-07-31,United States,5.4,21000,John Schultz,Mark Burton,Ashley Tisdale,United States,45000000,57881056,Twentieth Century Fox
Herbie Goes Bananas,G,Adventure,100,1980,1980-06-25,United States,5,5300,Vincent McEveety,Don Tait,Charles Martin Smith,United States,NA,18000000,Walt Disney Productions
Amores Perros,R,Drama,154,2000,2001-04-13,United States,8.1,228000,Alejandro G. Iñárritu,Guillermo Arriaga,Emilio Echevarría,Mexico,2000000,20908467,Altavista Films
The Innocents,PG-13,Drama,115,2016,2016-02-10,France,7.3,10000,Anne Fontaine,Sabrina B. Karine,Lou de Laâge,France,NA,7400324,Mandarin Films
Over the Hedge,PG,Animation,83,2006,2006-05-19,United States,6.7,164000,Tim Johnson,Len Blum,Bruce Willis,United States,80000000,339795890,DreamWorks Animation
Hope Floats,PG-13,Drama,114,1998,1998-05-29,United States,6,25000,Forest Whitaker,Steven Rogers,Sandra Bullock,United States,30000000,81471882,Twentieth Century Fox
Women on the Verge of a Nervous Breakdown,R,Comedy,88,1988,1988-11-11,United States,7.6,37000,Pedro Almodóvar,Pedro Almodóvar,Carmen Maura,Spain,700000,7263129,Laurenfilm
Maid to Order,PG,Fantasy,93,1987,1987-07-31,United States,5.5,3300,Amy Holden Jones,Amy Holden Jones,Ally Sheedy,United States,3000000,9868521,Vista Organization
Radio Days,PG,Comedy,88,1987,1987-01-30,United States,7.5,32000,Woody Allen,Woody Allen,Mia Farrow,United States,16000000,14792779,Jack Rollins & Charles H. Joffe Productions
Gods and Monsters,R,Biography,105,1998,1998-11-04,United States,7.4,30000,Bill Condon,Christopher Bram,Ian McKellen,United States,10000000,6451628,Lions Gate Films
Walking Tall,PG-13,Action,86,2004,2004-04-02,United States,6.3,72000,Kevin Bray,Mort Briskin,Dwayne Johnson,United States,46000000,57223890,Metro-Goldwyn-Mayer (MGM)
Breakdown,R,Crime,93,1997,1997-05-02,United States,6.9,51000,Jonathan Mostow,Jonathan Mostow,Kurt Russell,United States,36000000,50159144,Dino De Laurentiis Company
Return to Horror High,R,Comedy,95,1987,1987-02-20,United States,4.3,3100,Bill Froehlich,Bill Froehlich,Lori Lethin,United States,NA,1189709,Balcor Film Investors
Popeye,PG,Adventure,114,1980,1980-12-12,United States,5.3,30000,Robert Altman,Jules Feiffer,Robin Williams,United States,20000000,49823037,Paramount Pictures
The World's Fastest Indian,PG-13,Biography,127,2005,2006-03-24,United States,7.8,53000,Roger Donaldson,Roger Donaldson,Anthony Hopkins,New Zealand,25000000,18299138,OLC / Rights Entertainment
The Assault,PG,Drama,144,1986,1986-02-06,Netherlands,7.2,3100,Fons Rademakers,Gerard Soeteman,Derek de Lint,Netherlands,NA,512403,Fons Rademakers Produktie
Pred dozhdot,Not Rated,Drama,113,1994,1995-02-24,United States,8,14000,Milcho Manchevski,Milcho Manchevski,Katrin Cartlidge,Republic of Macedonia,1900000,763847,Aim
The Watcher in the Woods,PG,Family,84,1980,1981-10-09,United States,6.3,5700,John Hough,Brian Clemens,Bette Davis,United States,NA,5000000,Walt Disney Productions
The Secret Life of Bees,PG-13,Drama,114,2008,2008-10-17,United States,7.3,25000,Gina Prince-Bythewood,Gina Prince-Bythewood,Dakota Fanning,United States,11000000,39952437,Fox Searchlight Pictures
River of Death,R,Action,107,1989,1989-09-29,United States,4.3,1100,Steve Carver,Alistair MacLean,Michael Dudikoff,United States,NA,NA,Breton Film Productions
Irrational Man,R,Comedy,95,2015,2015-08-07,United States,6.6,60000,Woody Allen,Woody Allen,Joaquin Phoenix,United States,11000000,27391084,Gravier Productions
Krush Groove,R,Comedy,97,1985,1985-10-25,United States,6.5,2900,Michael Schultz,Ralph Farquhar,Sheila E.,United States,3000000,11052713,Crystalite Productions
Savages,R,Crime,131,2012,2012-07-06,United States,6.5,126000,Oliver Stone,Shane Salerno,Aaron Taylor-Johnson,United States,45000000,82966152,Ixtlan
Goodnight Mommy,R,Horror,99,2014,2015-09-11,United States,6.7,47000,Severin Fiala,Veronika Franz,Lukas Schwarz,Austria,NA,2193474,Ulrich Seidl Film Produktion GmbH
Death Wish 4: The Crackdown,R,Action,99,1987,1987-11-06,United States,5.4,9100,J. Lee Thompson,Brian Garfield,Charles Bronson,United States,5000000,6880310,Golan-Globus Productions
Batla House,Not Rated,Action,146,2019,2019-08-15,United States,7.2,10000,Nikkhil Advani,Ritesh Shah,Mrunal Thakur,India,NA,13098981,Bake My Cake Films
Knockaround Guys,R,Crime,92,2001,2002-10-11,United States,6.1,23000,Brian Koppelman,Brian Koppelman,Jennifer Baxter,United States,NA,12806614,New Line Cinema
The Adventures of Huck Finn,PG,Adventure,108,1993,1993-04-02,United States,6.2,8000,Stephen Sommers,Mark Twain,Elijah Wood,United States,6500000,24103594,Steve White Productions
Desert Hearts,R,Drama,91,1985,1986-03-07,United States,7,5500,Donna Deitch,Jane Rule,Helen Shaver,United States,1250000,2492088,Desert Hearts Productions
The Host,R,Action,120,2006,2007-03-30,United States,7.1,112000,Bong Joon Ho,Bong Joon Ho,Kang-ho Song,South Korea,NA,89433436,Chungeorahm Film
Santa Claus: The Movie,PG,Adventure,107,1985,1985-11-27,United States,6.3,12000,Jeannot Szwarc,David Newman,Dudley Moore,United Kingdom,50000000,23717291,GGG
Rogue,R,Action,99,2007,2007-11-08,Australia,6.2,29000,Greg McLean,Greg McLean,Michael Vartan,Australia,NA,4631926,Dimension Films
7 Days in Entebbe,PG-13,Action,107,2018,2018-03-16,United States,5.8,15000,José Padilha,Gregory Burke,Batsheva Dance Company,United Kingdom,NA,8771432,Participant
Memoirs of an Invisible Man,PG-13,Comedy,99,1992,1992-02-28,United States,6,23000,John Carpenter,H.F. Saint,Chevy Chase,United States,40000000,14358033,Warner Bros.
'71,R,Action,99,2014,2014-10-10,United Kingdom,7.2,53000,Yann Demange,Gregory Burke,Jack O'Connell,United Kingdom,NA,3062178,Film 4
Iron Eagle,PG-13,Action,117,1986,1986-01-17,United States,5.5,14000,Sidney J. Furie,Kevin Alyn Elders,Louis Gossett Jr.,United States,NA,24159872,TriStar Pictures
My Father the Hero,PG,Comedy,90,1994,1994-02-04,United States,5.5,11000,Steve Miner,Gérard Lauzier,Gérard Depardieu,France,NA,25479558,Touchstone Pictures
Black Hawk Down,R,Drama,144,2001,2002-01-18,United States,7.7,372000,Ridley Scott,Mark Bowden,Josh Hartnett,United States,92000000,172989651,Revolution Studios
Peter's Friends,R,Comedy,101,1992,1992-12-25,United States,7,11000,Kenneth Branagh,Rita Rudner,Hugh Laurie,United Kingdom,5000000,4058564,British Broadcasting Corporation (BBC)
Fair Game,PG-13,Biography,108,2010,2010-12-03,United States,6.8,47000,Doug Liman,Jez Butterworth,Naomi Watts,United States,22000000,25806953,River Road Entertainment
Moonlight,R,Drama,111,2016,2016-11-18,United States,7.4,284000,Barry Jenkins,Barry Jenkins,Mahershala Ali,United States,4000000,65336603,A24
Saw VI,R,Horror,90,2009,2009-10-23,United States,6,105000,Kevin Greutert,Patrick Melton,Tobin Bell,Canada,11000000,68234154,Twisted Pictures
Keanu,R,Action,100,2016,2016-04-29,United States,6.3,47000,Peter Atencio,Jordan Peele,Keegan-Michael Key,United States,15000000,20651333,Artists First
The Heat,R,Action,117,2013,2013-06-28,United States,6.6,165000,Paul Feig,Katie Dippold,Sandra Bullock,United States,43000000,229930771,Twentieth Century Fox
Brassed Off,R,Comedy,108,1996,1997-05-23,United States,7.2,19000,Mark Herman,Mark Herman,Pete Postlethwaite,United Kingdom,NA,2576738,Channel Four Films
Beloved,R,Drama,172,1998,1998-10-16,United States,6,7200,Jonathan Demme,Toni Morrison,Oprah Winfrey,United States,80000000,22852487,Harpo Films
Shin Godzilla,Not Rated,Action,120,2016,2016-07-29,Japan,6.8,25000,Hideaki Anno,Hideaki Anno,Hiroki Hasegawa,Japan,NA,78053145,Cine Bazar
Dirty Work,PG-13,Comedy,82,1998,1998-06-12,United States,6.4,24000,Bob Saget,Frank Sebastiano,Norm MacDonald,Canada,13000000,10023282,Metro-Goldwyn-Mayer (MGM)
The Horse Whisperer,PG-13,Drama,169,1998,1998-05-15,United States,6.6,40000,Robert Redford,Nick Evans,Robert Redford,United States,60000000,186883563,Touchstone Pictures
Side Effects,R,Crime,106,2013,2013-02-08,United States,7.1,183000,Steven Soderbergh,Scott Z. Burns,Rooney Mara,United States,30000000,63414135,Endgame Entertainment
RocknRolla,R,Action,114,2008,2008-10-31,United States,7.3,241000,Guy Ritchie,Guy Ritchie,Gerard Butler,United Kingdom,18000000,25740863,Warner Bros.
All Night Long,R,Comedy,87,1981,1981-03-06,United States,5.5,1700,Jean-Claude Tramont,W.D. Richter,Gene Hackman,United States,14000000,4454295,Universal Pictures
Bordello of Blood,R,Comedy,87,1996,1996-08-16,United States,5.4,14000,Gilbert Adler,William M. Gaines,Dennis Miller,United States,13000000,5781045,Universal City Studios
Colossal,R,Comedy,109,2016,2017-04-21,Canada,6.2,61000,Nacho Vigalondo,Nacho Vigalondo,Anne Hathaway,Canada,15000000,4531320,Toy Fight Productions
The Departed,R,Crime,151,2006,2006-10-06,United States,8.5,1200000,Martin Scorsese,William Monahan,Leonardo DiCaprio,United States,90000000,291465373,Warner Bros.
Chicken Run,G,Animation,84,2000,2000-06-23,United States,7,181000,Peter Lord,Peter Lord,Mel Gibson,United States,45000000,224834564,Aardman Animations
Diary of a Wimpy Kid: Dog Days,PG,Animation,94,2012,2012-08-03,United States,6.3,23000,David Bowers,Maya Forbes,Zachary Gordon,United States,22000000,77229695,Fox 2000 Pictures
Philadelphia,PG-13,Drama,125,1993,1994-01-14,United States,7.7,229000,Jonathan Demme,Ron Nyswaner,Tom Hanks,United States,26000000,206678440,TriStar Pictures
The DUFF,PG-13,Comedy,101,2015,2015-02-20,United States,6.5,87000,Ari Sandel,Josh A. Cagan,Mae Whitman,United States,8500000,43709744,CBS Films
Everything Must Go,R,Drama,97,2010,2011-10-14,United Kingdom,6.4,49000,Dan Rush,Dan Rush,Will Ferrell,United States,5000000,2820490,Temple Hill Entertainment
Trespass,R,Action,101,1992,1992-12-25,United States,6.3,10000,Walter Hill,Bob Gale,Bill Paxton,United States,14000000,13249535,Universal Pictures
Igor,PG,Animation,87,2008,2008-09-19,United States,6,23000,Tony Leondis,Chris McKenna,John Cusack,United States,25000000,30893885,Metro-Goldwyn-Mayer (MGM)
Harry Potter and the Deathly Hallows: Part 1,PG-13,Adventure,146,2010,2010-11-19,United States,7.7,495000,David Yates,Steve Kloves,Daniel Radcliffe,United Kingdom,NA,977043483,Warner Bros.
Clinton Road,NA,Horror,77,2019,2019-06-14,United States,5.9,1900,Richard Grieco,Noel Ashman,Ace Young,NA,2500000,50400,Growing Tree Productions
Rabbit-Proof Fence,PG,Adventure,94,2002,2003-01-31,United States,7.4,28000,Phillip Noyce,Doris Pilkington,Everlyn Sampi,Australia,6000000,16217411,Rumbalara Films
Greenfingers,R,Comedy,91,2000,2001-09-14,United Kingdom,6.8,5600,Joel Hershman,Joel Hershman,Clive Owen,United Kingdom,NA,1961054,Boneyard Entertainment
Leprechaun 2,R,Comedy,85,1994,1994-04-08,United States,4.6,9300,Rodman Flender,Mark Jones,Warwick Davis,United States,2000000,2260622,Planet Productions
Showgirls,NC-17,Drama,128,1995,1995-09-22,United States,4.9,64000,Paul Verhoeven,Joe Eszterhas,Elizabeth Berkley,France,45000000,20358624,Carolco Pictures
Isle of Dogs,PG-13,Animation,101,2018,2018-04-13,United States,7.9,147000,Wes Anderson,Wes Anderson,Bryan Cranston,Germany,NA,64337744,Indian Paintbrush
Zorro: The Gay Blade,PG,Action,93,1981,1981-07-17,United States,6.2,4100,Peter Medak,Hal Dresner,George Hamilton,United States,NA,NA,Melvin Simon Productions
Death Becomes Her,PG-13,Comedy,104,1992,1992-07-31,United States,6.6,108000,Robert Zemeckis,Martin Donovan,Meryl Streep,United States,55000000,149022650,Universal Pictures
Eight Days a Week,R,Comedy,92,1997,1999-02-26,United States,6.2,2900,Michael Davis,Michael Davis,Joshua Schaefer,United States,NA,9090,Underdog Productions
The Handmaid's Tale,R,Drama,108,1990,1990-03-09,United States,6,9100,Volker Schlöndorff,Margaret Atwood,Natasha Richardson,United States,NA,4960385,Bioskop Film
Batman Returns,PG-13,Action,126,1992,1992-06-19,United States,7,280000,Tim Burton,Bob Kane,Michael Keaton,United States,80000000,266892996,Warner Bros.
True Stories,PG,Comedy,89,1986,1986-10-10,United States,7.2,6100,David Byrne,Stephen Tobolowsky,David Byrne,United States,NA,2545459,Gary Kurfirst Pictures
Videodrome,R,Horror,87,1983,1983-02-04,United States,7.2,86000,David Cronenberg,David Cronenberg,James Woods,Canada,5952000,2120439,Filmplan International
Special Forces,R,Action,109,2011,2011-11-02,France,6.4,18000,Stéphane Rybojad,Stéphane Rybojad,Diane Kruger,France,NA,3424648,Easy Company
Machine Gun Preacher,R,Action,129,2011,2011-11-02,United Kingdom,6.8,64000,Marc Forster,Jason Keller,Gerard Butler,United States,30000000,3338690,Relativity Media
Small Time Crooks,PG,Comedy,94,2000,2000-05-19,United States,6.7,38000,Woody Allen,Woody Allen,Woody Allen,United States,25000000,29934477,Dreamworks Pictures
"4 Months, 3 Weeks and 2 Days",Not Rated,Drama,113,2007,2007-09-14,Romania,7.9,58000,Cristian Mungiu,Cristian Mungiu,Anamaria Marinca,Romania,NA,10174839,Mobra Films
Reckless,R,Comedy,90,1984,1984-02-03,United States,6.3,1900,James Foley,Chris Columbus,Aidan Quinn,United States,NA,8289916,Edgar J. Scherick Associates
The Edge of Seventeen,R,Comedy,104,2016,2016-11-18,United States,7.3,110000,Kelly Fremon Craig,Kelly Fremon Craig,Hailee Steinfeld,United States,9000000,19370020,Gracie Films
House Party 3,R,Comedy,100,1994,1994-01-12,United States,4.7,4800,Eric Meza,Reginald Hudlin,Christopher Reid,United States,NA,19281235,"Jackson/McHenry Company,The"
Children of the Corn,R,Horror,92,1984,1984-03-09,United States,5.6,49000,Fritz Kiersch,Stephen King,Peter Horton,United States,800000,14568989,Hal Roach Studios
Vampire Academy,PG-13,Action,104,2014,2014-02-07,United States,5.5,53000,Mark Waters,Richelle Mead,Zoey Deutch,United States,30000000,15642346,Angry Films
Dolores Claiborne,R,Crime,132,1995,1995-03-24,United States,7.4,41000,Taylor Hackford,Stephen King,Kathy Bates,United States,NA,24361867,Castle Rock Entertainment
"To Wong Foo Thanks for Everything, Julie Newmar",PG-13,Comedy,109,1995,1995-09-08,United States,6.6,30000,Beeban Kidron,Douglas Carter Beane,Wesley Snipes,United States,NA,47774193,Universal Pictures
Extraordinary Measures,PG,Drama,106,2010,2010-01-22,United States,6.4,16000,Tom Vaughan,Robert Nelson Jacobs,Brendan Fraser,United States,31000000,15134293,CBS Films
Them That Follow,R,Drama,98,2019,2019-08-02,United States,5.4,2900,Britt Poulton,Britt Poulton,Walton Goggins,United States,NA,172952,Amasia Entertainment
Leaving Las Vegas,R,Drama,111,1995,1996-02-09,United States,7.5,117000,Mike Figgis,John O'Brien,Nicolas Cage,United States,3600000,32029928,Lumiere Pictures
Any Which Way You Can,PG,Action,116,1980,1980-12-17,United States,6.1,18000,Buddy Van Horn,Stanford Sherman,Clint Eastwood,United States,15000000,70687344,The Malpaso Company
The Spiderwick Chronicles,PG,Action,96,2008,2008-02-14,United States,6.5,91000,Mark Waters,Karey Kirkpatrick,Freddie Highmore,United States,90000000,164170327,Paramount Pictures
Glengarry Glen Ross,R,Crime,100,1992,1992-10-02,United States,7.7,98000,James Foley,David Mamet,Al Pacino,United States,12500000,10725228,New Line Cinema
Quills,R,Biography,124,2000,2001-01-19,United Kingdom,7.3,52000,Philip Kaufman,Doug Wright,Geoffrey Rush,United Kingdom,13500000,17989227,Fox Searchlight Pictures
Losing Isaiah,R,Drama,111,1995,1995-03-17,United States,6.4,5600,Stephen Gyllenhaal,Seth Margolis,Jessica Lange,United States,17000000,7603766,Paramount Pictures
It's Complicated,R,Comedy,120,2009,2009-12-25,United States,6.5,88000,Nancy Meyers,Nancy Meyers,Meryl Streep,United States,85000000,219103655,Universal Pictures
Bandits,PG-13,Comedy,123,2001,2001-10-12,United States,6.5,66000,Barry Levinson,Harley Peyton,Bruce Willis,United States,75000000,67631903,Metro-Goldwyn-Mayer (MGM)
The Fog,R,Horror,89,1980,1980-02-08,United States,6.8,66000,John Carpenter,John Carpenter,Adrienne Barbeau,United States,1000000,21448782,AVCO Embassy Pictures
