"name","generation","type_1","type_2","height_m","weight_kg","total_points","hp","attack","defense","sp_attack","sp_defense","speed","catch_rate","base_friendship","base_experience","is_legendary"
"Bulbasaur",1,"Grass","Poison",0.7,6.9,318,45,49,49,65,65,45,45,70,64,FALSE
"Ivysaur",1,"Grass","Poison",1,13,405,60,62,63,80,80,60,45,70,142,FALSE
"Venusaur",1,"Grass","Poison",2,100,525,80,82,83,100,100,80,45,70,236,FALSE
"Mega Venusaur",1,"Grass","Poison",2.4,155.5,625,80,100,123,122,120,80,45,70,281,FALSE
"Charmander",1,"Fire","",0.6,8.5,309,39,52,43,60,50,65,45,70,62,FALSE
"Charmeleon",1,"Fire","",1.1,19,405,58,64,58,80,65,80,45,70,142,FALSE
"Charizard",1,"Fire","Flying",1.7,90.5,534,78,84,78,109,85,100,45,70,240,FALSE
"Mega Charizard X",1,"Fire","Dragon",1.7,110.5,634,78,130,111,130,85,100,45,70,285,FALSE
"Mega Charizard Y",1,"Fire","Flying",1.7,100.5,634,78,104,78,159,115,100,45,70,285,FALSE
"Squirtle",1,"Water","",0.5,9,314,44,48,65,50,64,43,45,70,63,FALSE
"Wartortle",1,"Water","",1,22.5,405,59,63,80,65,80,58,45,70,142,FALSE
"Blastoise",1,"Water","",1.6,85.5,530,79,83,100,85,105,78,45,70,239,FALSE
"Mega Blastoise",1,"Water","",1.6,101.1,630,79,103,120,135,115,78,45,70,284,FALSE
"Caterpie",1,"Bug","",0.3,2.9,195,45,30,35,20,20,45,255,70,39,FALSE
"Metapod",1,"Bug","",0.7,9.9,205,50,20,55,25,25,30,120,70,72,FALSE
"Butterfree",1,"Bug","Flying",1.1,32,395,60,45,50,90,80,70,45,70,178,FALSE
"Weedle",1,"Bug","Poison",0.3,3.2,195,40,35,30,20,20,50,255,70,39,FALSE
"Kakuna",1,"Bug","Poison",0.6,10,205,45,25,50,25,25,35,120,70,72,FALSE
"Beedrill",1,"Bug","Poison",1,29.5,395,65,90,40,45,80,75,45,70,178,FALSE
"Mega Beedrill",1,"Bug","Poison",1.4,40.5,495,65,150,40,15,80,145,45,70,223,FALSE
"Pidgey",1,"Normal","Flying",0.3,1.8,251,40,45,40,35,35,56,255,70,50,FALSE
"Pidgeotto",1,"Normal","Flying",1.1,30,349,63,60,55,50,50,71,120,70,122,FALSE
"Pidgeot",1,"Normal","Flying",1.5,39.5,479,83,80,75,70,70,101,45,70,216,FALSE
"Mega Pidgeot",1,"Normal","Flying",2.2,50.5,579,83,80,80,135,80,121,45,70,261,FALSE
"Rattata",1,"Normal","",0.3,3.5,253,30,56,35,25,35,72,255,70,51,FALSE
"Alolan Rattata",1,"Dark","Normal",0.3,3.8,253,30,56,35,25,35,72,255,70,51,FALSE
"Raticate",1,"Normal","",0.7,18.5,413,55,81,60,50,70,97,127,70,145,FALSE
"Alolan Raticate",1,"Dark","Normal",0.7,25.5,413,75,71,70,40,80,77,127,70,145,FALSE
"Spearow",1,"Normal","Flying",0.3,2,262,40,60,30,31,31,70,255,70,52,FALSE
"Fearow",1,"Normal","Flying",1.2,38,442,65,90,65,61,61,100,90,70,155,FALSE
"Ekans",1,"Poison","",2,6.9,288,35,60,44,40,54,55,255,70,58,FALSE
"Arbok",1,"Poison","",3.5,65,448,60,95,69,65,79,80,90,70,157,FALSE
"Pikachu",1,"Electric","",0.4,6,320,35,55,40,50,50,90,190,70,112,FALSE
"Partner Pikachu",1,"Electric","",0.4,6,430,45,80,50,75,60,120,190,70,112,FALSE
"Raichu",1,"Electric","",0.8,30,485,60,90,55,90,80,110,75,70,218,FALSE
"Alolan Raichu",1,"Electric","Psychic",0.7,21,485,60,85,50,95,85,110,75,70,218,FALSE
"Sandshrew",1,"Ground","",0.6,12,300,50,75,85,20,30,40,255,70,60,FALSE
"Alolan Sandshrew",1,"Ice","Steel",0.7,40,300,50,75,90,10,35,40,255,70,60,FALSE
"Sandslash",1,"Ground","",1,29.5,450,75,100,110,45,55,65,90,70,158,FALSE
"Alolan Sandslash",1,"Ice","Steel",1.2,55,450,75,100,120,25,65,65,90,70,158,FALSE
"Nidoran♀",1,"Poison","",0.4,7,275,55,47,52,40,40,41,235,70,55,FALSE
"Nidorina",1,"Poison","",0.8,20,365,70,62,67,55,55,56,120,70,128,FALSE
"Nidoqueen",1,"Poison","Ground",1.3,60,505,90,92,87,75,85,76,45,70,227,FALSE
"Nidoran♂",1,"Poison","",0.5,9,273,46,57,40,40,40,50,235,70,55,FALSE
"Nidorino",1,"Poison","",0.9,19.5,365,61,72,57,55,55,65,120,70,128,FALSE
"Nidoking",1,"Poison","Ground",1.4,62,505,81,102,77,85,75,85,45,70,227,FALSE
"Clefairy",1,"Fairy","",0.6,7.5,323,70,45,48,60,65,35,150,140,113,FALSE
"Clefable",1,"Fairy","",1.3,40,483,95,70,73,95,90,60,25,140,217,FALSE
"Vulpix",1,"Fire","",0.6,9.9,299,38,41,40,50,65,65,190,70,60,FALSE
"Alolan Vulpix",1,"Ice","",0.6,9.9,299,38,41,40,50,65,65,190,70,60,FALSE
"Ninetales",1,"Fire","",1.1,19.9,505,73,76,75,81,100,100,75,70,177,FALSE
"Alolan Ninetales",1,"Ice","Fairy",1.1,19.9,505,73,67,75,81,100,109,75,70,177,FALSE
"Jigglypuff",1,"Normal","Fairy",0.5,5.5,270,115,45,20,45,25,20,170,70,95,FALSE
"Wigglytuff",1,"Normal","Fairy",1,12,435,140,70,45,85,50,45,50,70,196,FALSE
"Zubat",1,"Poison","Flying",0.8,7.5,245,40,45,35,30,40,55,255,70,49,FALSE
"Golbat",1,"Poison","Flying",1.6,55,455,75,80,70,65,75,90,90,70,159,FALSE
"Oddish",1,"Grass","Poison",0.5,5.4,320,45,50,55,75,65,30,255,70,64,FALSE
"Gloom",1,"Grass","Poison",0.8,8.6,395,60,65,70,85,75,40,120,70,138,FALSE
"Vileplume",1,"Grass","Poison",1.2,18.6,490,75,80,85,110,90,50,45,70,221,FALSE
"Paras",1,"Bug","Grass",0.3,5.4,285,35,70,55,45,55,25,190,70,57,FALSE
"Parasect",1,"Bug","Grass",1,29.5,405,60,95,80,60,80,30,75,70,142,FALSE
"Venonat",1,"Bug","Poison",1,30,305,60,55,50,40,55,45,190,70,61,FALSE
"Venomoth",1,"Bug","Poison",1.5,12.5,450,70,65,60,90,75,90,75,70,158,FALSE
"Diglett",1,"Ground","",0.2,0.8,265,10,55,25,35,45,95,255,70,53,FALSE
"Alolan Diglett",1,"Ground","Steel",0.2,1,265,10,55,30,35,45,90,255,70,53,FALSE
"Dugtrio",1,"Ground","",0.7,33.3,425,35,100,50,50,70,120,50,70,149,FALSE
"Alolan Dugtrio",1,"Ground","Steel",0.7,66.6,425,35,100,60,50,70,110,50,70,149,FALSE
"Meowth",1,"Normal","",0.4,4.2,290,40,45,35,40,40,90,255,70,58,FALSE
"Alolan Meowth",1,"Dark","",0.4,4.2,290,40,35,35,50,40,90,255,70,58,FALSE
"Persian",1,"Normal","",1,32,440,65,70,60,65,65,115,90,70,154,FALSE
"Alolan Persian",1,"Dark","",1.1,33,440,65,60,60,75,65,115,90,70,154,FALSE
"Psyduck",1,"Water","",0.8,19.6,320,50,52,48,65,50,55,190,70,64,FALSE
"Golduck",1,"Water","",1.7,76.6,500,80,82,78,95,80,85,75,70,175,FALSE
"Mankey",1,"Fighting","",0.5,28,305,40,80,35,35,45,70,190,70,61,FALSE
"Primeape",1,"Fighting","",1,32,455,65,105,60,60,70,95,75,70,159,FALSE
"Growlithe",1,"Fire","",0.7,19,350,55,70,45,70,50,60,190,70,70,FALSE
"Arcanine",1,"Fire","",1.9,155,555,90,110,80,100,80,95,75,70,194,FALSE
"Poliwag",1,"Water","",0.6,12.4,300,40,50,40,40,40,90,255,70,60,FALSE
"Poliwhirl",1,"Water","",1,20,385,65,65,65,50,50,90,120,70,135,FALSE
"Poliwrath",1,"Water","Fighting",1.3,54,510,90,95,95,70,90,70,45,70,230,FALSE
"Abra",1,"Psychic","",0.9,19.5,310,25,20,15,105,55,90,200,70,62,FALSE
"Kadabra",1,"Psychic","",1.3,56.5,400,40,35,30,120,70,105,100,70,140,FALSE
"Alakazam",1,"Psychic","",1.5,48,500,55,50,45,135,95,120,50,70,225,FALSE
"Mega Alakazam",1,"Psychic","",1.2,48,600,55,50,65,175,105,150,50,70,270,FALSE
"Machop",1,"Fighting","",0.8,19.5,305,70,80,50,35,35,35,180,70,61,FALSE
"Machoke",1,"Fighting","",1.5,70.5,405,80,100,70,50,60,45,90,70,142,FALSE
"Machamp",1,"Fighting","",1.6,130,505,90,130,80,65,85,55,45,70,227,FALSE
"Bellsprout",1,"Grass","Poison",0.7,4,300,50,75,35,70,30,40,255,70,60,FALSE
"Weepinbell",1,"Grass","Poison",1,6.4,390,65,90,50,85,45,55,120,70,137,FALSE
"Victreebel",1,"Grass","Poison",1.7,15.5,490,80,105,65,100,70,70,45,70,221,FALSE
"Tentacool",1,"Water","Poison",0.9,45.5,335,40,40,35,50,100,70,190,70,67,FALSE
"Tentacruel",1,"Water","Poison",1.6,55,515,80,70,65,80,120,100,60,70,180,FALSE
"Geodude",1,"Rock","Ground",0.4,20,300,40,80,100,30,30,20,255,70,60,FALSE
"Alolan Geodude",1,"Rock","Electric",0.4,20.3,300,40,80,100,30,30,20,255,70,60,FALSE
"Graveler",1,"Rock","Ground",1,105,390,55,95,115,45,45,35,120,70,137,FALSE
"Alolan Graveler",1,"Rock","Electric",1,110,390,55,95,115,45,45,35,120,70,137,FALSE
"Golem",1,"Rock","Ground",1.4,300,495,80,120,130,55,65,45,45,70,223,FALSE
"Alolan Golem",1,"Rock","Electric",1.7,316,495,80,120,130,55,65,45,45,70,223,FALSE
"Ponyta",1,"Fire","",1,30,410,50,85,55,65,65,90,190,70,82,FALSE
"Rapidash",1,"Fire","",1.7,95,500,65,100,70,80,80,105,60,70,175,FALSE
"Slowpoke",1,"Water","Psychic",1.2,36,315,90,65,65,40,40,15,190,70,63,FALSE
"Slowbro",1,"Water","Psychic",1.6,78.5,490,95,75,110,100,80,30,75,70,172,FALSE
"Mega Slowbro",1,"Water","Psychic",2,120,590,95,75,180,130,80,30,75,70,207,FALSE
"Magnemite",1,"Electric","Steel",0.3,6,325,25,35,70,95,55,45,190,70,65,FALSE
"Magneton",1,"Electric","Steel",1,60,465,50,60,95,120,70,70,60,70,163,FALSE
"Farfetch'd",1,"Normal","Flying",0.8,15,377,52,90,55,58,62,60,45,70,132,FALSE
"Doduo",1,"Normal","Flying",1.4,39.2,310,35,85,45,35,35,75,190,70,62,FALSE
"Dodrio",1,"Normal","Flying",1.8,85.2,470,60,110,70,60,60,110,45,70,165,FALSE
"Seel",1,"Water","",1.1,90,325,65,45,55,45,70,45,190,70,65,FALSE
"Dewgong",1,"Water","Ice",1.7,120,475,90,70,80,70,95,70,75,70,166,FALSE
"Grimer",1,"Poison","",0.9,30,325,80,80,50,40,50,25,190,70,65,FALSE
"Alolan Grimer",1,"Poison","Dark",0.7,42,325,80,80,50,40,50,25,190,70,65,FALSE
"Muk",1,"Poison","",1.2,30,500,105,105,75,65,100,50,75,70,175,FALSE
"Alolan Muk",1,"Poison","Dark",1,52,500,105,105,75,65,100,50,75,70,175,FALSE
"Shellder",1,"Water","",0.3,4,305,30,65,100,45,25,40,190,70,61,FALSE
"Cloyster",1,"Water","Ice",1.5,132.5,525,50,95,180,85,45,70,60,70,184,FALSE
"Gastly",1,"Ghost","Poison",1.3,0.1,310,30,35,30,100,35,80,190,70,62,FALSE
"Haunter",1,"Ghost","Poison",1.6,0.1,405,45,50,45,115,55,95,90,70,142,FALSE
"Gengar",1,"Ghost","Poison",1.5,40.5,500,60,65,60,130,75,110,45,70,225,FALSE
"Mega Gengar",1,"Ghost","Poison",1.4,40.5,600,60,65,80,170,95,130,45,70,270,FALSE
"Onix",1,"Rock","Ground",8.8,210,385,35,45,160,30,45,70,45,70,77,FALSE
"Drowzee",1,"Psychic","",1,32.4,328,60,48,45,43,90,42,190,70,66,FALSE
"Hypno",1,"Psychic","",1.6,75.6,483,85,73,70,73,115,67,75,70,169,FALSE
"Krabby",1,"Water","",0.4,6.5,325,30,105,90,25,25,50,225,70,65,FALSE
"Kingler",1,"Water","",1.3,60,475,55,130,115,50,50,75,60,70,166,FALSE
"Voltorb",1,"Electric","",0.5,10.4,330,40,30,50,55,55,100,190,70,66,FALSE
"Electrode",1,"Electric","",1.2,66.6,490,60,50,70,80,80,150,60,70,172,FALSE
"Exeggcute",1,"Grass","Psychic",0.4,2.5,325,60,40,80,60,45,40,90,70,65,FALSE
"Exeggutor",1,"Grass","Psychic",2,120,530,95,95,85,125,75,55,45,70,186,FALSE
"Alolan Exeggutor",1,"Grass","Dragon",10.9,415.6,530,95,105,85,125,75,45,45,70,186,FALSE
"Cubone",1,"Ground","",0.4,6.5,320,50,50,95,40,50,35,190,70,64,FALSE
"Marowak",1,"Ground","",1,45,425,60,80,110,50,80,45,75,70,149,FALSE
"Alolan Marowak",1,"Fire","Ghost",1,34,425,60,80,110,50,80,45,75,70,149,FALSE
"Hitmonlee",1,"Fighting","",1.5,49.8,455,50,120,53,35,110,87,45,70,159,FALSE
"Hitmonchan",1,"Fighting","",1.4,50.2,455,50,105,79,35,110,76,45,70,159,FALSE
"Lickitung",1,"Normal","",1.2,65.5,385,90,55,75,60,75,30,45,70,77,FALSE
"Koffing",1,"Poison","",0.6,1,340,40,65,95,60,45,35,190,70,68,FALSE
"Weezing",1,"Poison","",1.2,9.5,490,65,90,120,85,70,60,60,70,172,FALSE
"Rhyhorn",1,"Ground","Rock",1,115,345,80,85,95,30,30,25,120,70,69,FALSE
"Rhydon",1,"Ground","Rock",1.9,120,485,105,130,120,45,45,40,60,70,170,FALSE
"Chansey",1,"Normal","",1.1,34.6,450,250,5,5,35,105,50,30,140,395,FALSE
"Tangela",1,"Grass","",1,35,435,65,55,115,100,40,60,45,70,87,FALSE
"Kangaskhan",1,"Normal","",2.2,80,490,105,95,80,40,80,90,45,70,172,FALSE
"Mega Kangaskhan",1,"Normal","",2.2,100,590,105,125,100,60,100,100,45,70,207,FALSE
"Horsea",1,"Water","",0.4,8,295,30,40,70,70,25,60,225,70,59,FALSE
"Seadra",1,"Water","",1.2,25,440,55,65,95,95,45,85,75,70,154,FALSE
"Goldeen",1,"Water","",0.6,15,320,45,67,60,35,50,63,225,70,64,FALSE
"Seaking",1,"Water","",1.3,39,450,80,92,65,65,80,68,60,70,158,FALSE
"Staryu",1,"Water","",0.8,34.5,340,30,45,55,70,55,85,225,70,68,FALSE
"Starmie",1,"Water","Psychic",1.1,80,520,60,75,85,100,85,115,60,70,182,FALSE
"Mr. Mime",1,"Psychic","Fairy",1.3,54.5,460,40,45,65,100,120,90,45,70,161,FALSE
"Scyther",1,"Bug","Flying",1.5,56,500,70,110,80,55,80,105,45,70,100,FALSE
"Jynx",1,"Ice","Psychic",1.4,40.6,455,65,50,35,115,95,95,45,70,159,FALSE
"Electabuzz",1,"Electric","",1.1,30,490,65,83,57,95,85,105,45,70,172,FALSE
"Magmar",1,"Fire","",1.3,44.5,495,65,95,57,100,85,93,45,70,173,FALSE
"Pinsir",1,"Bug","",1.5,55,500,65,125,100,55,70,85,45,70,175,FALSE
"Mega Pinsir",1,"Bug","Flying",1.7,59,600,65,155,120,65,90,105,45,70,210,FALSE
"Tauros",1,"Normal","",1.4,88.4,490,75,100,95,40,70,110,45,70,172,FALSE
"Magikarp",1,"Water","",0.9,10,200,20,10,55,15,20,80,255,70,40,FALSE
"Gyarados",1,"Water","Flying",6.5,235,540,95,125,79,60,100,81,45,70,189,FALSE
"Mega Gyarados",1,"Water","Dark",6.5,305,640,95,155,109,70,130,81,45,70,224,FALSE
"Lapras",1,"Water","Ice",2.5,220,535,130,85,80,85,95,60,45,70,187,FALSE
"Ditto",1,"Normal","",0.3,4,288,48,48,48,48,48,48,35,70,101,FALSE
"Eevee",1,"Normal","",0.3,6.5,325,55,55,50,45,65,55,45,70,65,FALSE
"Partner Eevee",1,"Normal","",0.3,6.5,435,65,75,70,65,85,75,45,70,65,FALSE
"Vaporeon",1,"Water","",1,29,525,130,65,60,110,95,65,45,70,184,FALSE
"Jolteon",1,"Electric","",0.8,24.5,525,65,65,60,110,95,130,45,70,184,FALSE
"Flareon",1,"Fire","",0.9,25,525,65,130,60,95,110,65,45,70,184,FALSE
"Porygon",1,"Normal","",0.8,36.5,395,65,60,70,85,75,40,45,70,79,FALSE
"Omanyte",1,"Rock","Water",0.4,7.5,355,35,40,100,90,55,35,45,70,71,FALSE
"Omastar",1,"Rock","Water",1,35,495,70,60,125,115,70,55,45,70,173,FALSE
"Kabuto",1,"Rock","Water",0.5,11.5,355,30,80,90,55,45,55,45,70,71,FALSE
"Kabutops",1,"Rock","Water",1.3,40.5,495,60,115,105,65,70,80,45,70,173,FALSE
"Aerodactyl",1,"Rock","Flying",1.8,59,515,80,105,65,60,75,130,45,70,180,FALSE
"Mega Aerodactyl",1,"Rock","Flying",2.1,79,615,80,135,85,70,95,150,45,70,215,FALSE
"Snorlax",1,"Normal","",2.1,460,540,160,110,65,65,110,30,25,70,189,FALSE
"Articuno",1,"Ice","Flying",1.7,55.4,580,90,85,100,95,125,85,3,35,261,TRUE
"Zapdos",1,"Electric","Flying",1.6,52.6,580,90,90,85,125,90,100,3,35,261,TRUE
"Moltres",1,"Fire","Flying",2,60,580,90,100,90,125,85,90,3,35,261,TRUE
"Dratini",1,"Dragon","",1.8,3.3,300,41,64,45,50,50,50,45,35,60,FALSE
"Dragonair",1,"Dragon","",4,16.5,420,61,84,65,70,70,70,45,35,147,FALSE
"Dragonite",1,"Dragon","Flying",2.2,210,600,91,134,95,100,100,80,45,35,270,FALSE
"Mewtwo",1,"Psychic","",2,122,680,106,110,90,154,90,130,3,0,306,TRUE
"Mega Mewtwo X",1,"Psychic","Fighting",2.3,127,780,106,190,100,154,100,130,3,0,351,TRUE
"Mega Mewtwo Y",1,"Psychic","",1.5,33,780,106,150,70,194,120,140,3,0,351,TRUE
"Mew",1,"Psychic","",0.4,4,600,100,100,100,100,100,100,45,100,270,TRUE
"Chikorita",2,"Grass","",0.9,6.4,318,45,49,65,49,65,45,45,70,64,FALSE
"Bayleef",2,"Grass","",1.2,15.8,405,60,62,80,63,80,60,45,70,142,FALSE
"Meganium",2,"Grass","",1.8,100.5,525,80,82,100,83,100,80,45,70,236,FALSE
"Cyndaquil",2,"Fire","",0.5,7.9,309,39,52,43,60,50,65,45,70,62,FALSE
"Quilava",2,"Fire","",0.9,19,405,58,64,58,80,65,80,45,70,142,FALSE
"Typhlosion",2,"Fire","",1.7,79.5,534,78,84,78,109,85,100,45,70,240,FALSE
"Totodile",2,"Water","",0.6,9.5,314,50,65,64,44,48,43,45,70,63,FALSE
"Croconaw",2,"Water","",1.1,25,405,65,80,80,59,63,58,45,70,142,FALSE
"Feraligatr",2,"Water","",2.3,88.8,530,85,105,100,79,83,78,45,70,239,FALSE
"Sentret",2,"Normal","",0.8,6,215,35,46,34,35,45,20,255,70,43,FALSE
"Furret",2,"Normal","",1.8,32.5,415,85,76,64,45,55,90,90,70,145,FALSE
"Hoothoot",2,"Normal","Flying",0.7,21.2,262,60,30,30,36,56,50,255,70,52,FALSE
"Noctowl",2,"Normal","Flying",1.6,40.8,452,100,50,50,86,96,70,90,70,158,FALSE
"Ledyba",2,"Bug","Flying",1,10.8,265,40,20,30,40,80,55,255,70,53,FALSE
"Ledian",2,"Bug","Flying",1.4,35.6,390,55,35,50,55,110,85,90,70,137,FALSE
"Spinarak",2,"Bug","Poison",0.5,8.5,250,40,60,40,40,40,30,255,70,50,FALSE
"Ariados",2,"Bug","Poison",1.1,33.5,400,70,90,70,60,70,40,90,70,140,FALSE
"Crobat",2,"Poison","Flying",1.8,75,535,85,90,80,70,80,130,90,70,241,FALSE
"Chinchou",2,"Water","Electric",0.5,12,330,75,38,38,56,56,67,190,70,66,FALSE
"Lanturn",2,"Water","Electric",1.2,22.5,460,125,58,58,76,76,67,75,70,161,FALSE
"Pichu",2,"Electric","",0.3,2,205,20,40,15,35,35,60,190,70,41,FALSE
"Cleffa",2,"Fairy","",0.3,3,218,50,25,28,45,55,15,150,140,44,FALSE
"Igglybuff",2,"Normal","Fairy",0.3,1,210,90,30,15,40,20,15,170,70,42,FALSE
"Togepi",2,"Fairy","",0.3,1.5,245,35,20,65,40,65,20,190,70,49,FALSE
"Togetic",2,"Fairy","Flying",0.6,3.2,405,55,40,85,80,105,40,75,70,142,FALSE
"Natu",2,"Psychic","Flying",0.2,2,320,40,50,45,70,45,70,190,70,64,FALSE
"Xatu",2,"Psychic","Flying",1.5,15,470,65,75,70,95,70,95,75,70,165,FALSE
"Mareep",2,"Electric","",0.6,7.8,280,55,40,40,65,45,35,235,70,56,FALSE
"Flaaffy",2,"Electric","",0.8,13.3,365,70,55,55,80,60,45,120,70,128,FALSE
"Ampharos",2,"Electric","",1.4,61.5,510,90,75,85,115,90,55,45,70,230,FALSE
"Mega Ampharos",2,"Electric","Dragon",1.4,61.5,610,90,95,105,165,110,45,45,70,275,FALSE
"Bellossom",2,"Grass","",0.4,5.8,490,75,80,95,90,100,50,45,70,221,FALSE
"Marill",2,"Water","Fairy",0.4,8.5,250,70,20,50,20,50,40,190,70,88,FALSE
"Azumarill",2,"Water","Fairy",0.8,28.5,420,100,50,80,60,80,50,75,70,189,FALSE
"Sudowoodo",2,"Rock","",1.2,38,410,70,100,115,30,65,30,65,70,144,FALSE
"Politoed",2,"Water","",1.1,33.9,500,90,75,75,90,100,70,45,70,225,FALSE
"Hoppip",2,"Grass","Flying",0.4,0.5,250,35,35,40,35,55,50,255,70,50,FALSE
"Skiploom",2,"Grass","Flying",0.6,1,340,55,45,50,45,65,80,120,70,119,FALSE
"Jumpluff",2,"Grass","Flying",0.8,3,460,75,55,70,55,95,110,45,70,207,FALSE
"Aipom",2,"Normal","",0.8,11.5,360,55,70,55,40,55,85,45,70,72,FALSE
"Sunkern",2,"Grass","",0.3,1.8,180,30,30,30,30,30,30,235,70,36,FALSE
"Sunflora",2,"Grass","",0.8,8.5,425,75,75,55,105,85,30,120,70,149,FALSE
"Yanma",2,"Bug","Flying",1.2,38,390,65,65,45,75,45,95,75,70,78,FALSE
"Wooper",2,"Water","Ground",0.4,8.5,210,55,45,45,25,25,15,255,70,42,FALSE
"Quagsire",2,"Water","Ground",1.4,75,430,95,85,85,65,65,35,90,70,151,FALSE
"Espeon",2,"Psychic","",0.9,26.5,525,65,65,60,130,95,110,45,70,184,FALSE
"Umbreon",2,"Dark","",1,27,525,95,65,110,60,130,65,45,35,184,FALSE
"Murkrow",2,"Dark","Flying",0.5,2.1,405,60,85,42,85,42,91,30,35,81,FALSE
"Slowking",2,"Water","Psychic",2,79.5,490,95,75,80,100,110,30,70,70,172,FALSE
"Misdreavus",2,"Ghost","",0.7,1,435,60,60,60,85,85,85,45,35,87,FALSE
"Unown",2,"Psychic","",0.5,5,336,48,72,48,72,48,48,225,70,118,FALSE
"Wobbuffet",2,"Psychic","",1.3,28.5,405,190,33,58,33,58,33,45,70,142,FALSE
"Girafarig",2,"Normal","Psychic",1.5,41.5,455,70,80,65,90,65,85,60,70,159,FALSE
"Pineco",2,"Bug","",0.6,7.2,290,50,65,90,35,35,15,190,70,58,FALSE
"Forretress",2,"Bug","Steel",1.2,125.8,465,75,90,140,60,60,40,75,70,163,FALSE
"Dunsparce",2,"Normal","",1.5,14,415,100,70,70,65,65,45,190,70,145,FALSE
"Gligar",2,"Ground","Flying",1.1,64.8,430,65,75,105,35,65,85,60,70,86,FALSE
"Steelix",2,"Steel","Ground",9.2,400,510,75,85,200,55,65,30,25,70,179,FALSE
"Mega Steelix",2,"Steel","Ground",10.5,740,610,75,125,230,55,95,30,25,70,214,FALSE
"Snubbull",2,"Fairy","",0.6,7.8,300,60,80,50,40,40,30,190,70,60,FALSE
"Granbull",2,"Fairy","",1.4,48.7,450,90,120,75,60,60,45,75,70,158,FALSE
"Qwilfish",2,"Water","Poison",0.5,3.9,440,65,95,85,55,55,85,45,70,88,FALSE
"Scizor",2,"Bug","Steel",1.8,118,500,70,130,100,55,80,65,25,70,175,FALSE
"Mega Scizor",2,"Bug","Steel",2,125,600,70,150,140,65,100,75,25,70,210,FALSE
"Shuckle",2,"Bug","Rock",0.6,20.5,505,20,10,230,10,230,5,190,70,177,FALSE
"Heracross",2,"Bug","Fighting",1.5,54,500,80,125,75,40,95,85,45,70,175,FALSE
"Mega Heracross",2,"Bug","Fighting",1.7,62.5,600,80,185,115,40,105,75,45,70,210,FALSE
"Sneasel",2,"Dark","Ice",0.9,28,430,55,95,55,35,75,115,60,35,86,FALSE
"Teddiursa",2,"Normal","",0.6,8.8,330,60,80,50,50,50,40,120,70,66,FALSE
"Ursaring",2,"Normal","",1.8,125.8,500,90,130,75,75,75,55,60,70,175,FALSE
"Slugma",2,"Fire","",0.7,35,250,40,40,40,70,40,20,190,70,50,FALSE
"Magcargo",2,"Fire","Rock",0.8,55,430,60,50,120,90,80,30,75,70,151,FALSE
"Swinub",2,"Ice","Ground",0.4,6.5,250,50,50,40,30,30,50,225,70,50,FALSE
"Piloswine",2,"Ice","Ground",1.1,55.8,450,100,100,80,60,60,50,75,70,158,FALSE
"Corsola",2,"Water","Rock",0.6,5,410,65,55,95,65,95,35,60,70,144,FALSE
"Remoraid",2,"Water","",0.6,12,300,35,65,35,65,35,65,190,70,60,FALSE
"Octillery",2,"Water","",0.9,28.5,480,75,105,75,105,75,45,75,70,168,FALSE
"Delibird",2,"Ice","Flying",0.9,16,330,45,55,45,65,45,75,45,70,116,FALSE
"Mantine",2,"Water","Flying",2.1,220,485,85,40,70,80,140,70,25,70,170,FALSE
"Skarmory",2,"Steel","Flying",1.7,50.5,465,65,80,140,40,70,70,25,70,163,FALSE
"Houndour",2,"Dark","Fire",0.6,10.8,330,45,60,30,80,50,65,120,35,66,FALSE
"Houndoom",2,"Dark","Fire",1.4,35,500,75,90,50,110,80,95,45,35,175,FALSE
"Mega Houndoom",2,"Dark","Fire",1.9,49.5,600,75,90,90,140,90,115,45,35,210,FALSE
"Kingdra",2,"Water","Dragon",1.8,152,540,75,95,95,95,95,85,45,70,243,FALSE
"Phanpy",2,"Ground","",0.5,33.5,330,90,60,60,40,40,40,120,70,66,FALSE
"Donphan",2,"Ground","",1.1,120,500,90,120,120,60,60,50,60,70,175,FALSE
"Porygon2",2,"Normal","",0.6,32.5,515,85,80,90,105,95,60,45,70,180,FALSE
"Stantler",2,"Normal","",1.4,71.2,465,73,95,62,85,65,85,45,70,163,FALSE
"Smeargle",2,"Normal","",1.2,58,250,55,20,35,20,45,75,45,70,88,FALSE
"Tyrogue",2,"Fighting","",0.7,21,210,35,35,35,35,35,35,75,70,42,FALSE
"Hitmontop",2,"Fighting","",1.4,48,455,50,95,95,35,110,70,45,70,159,FALSE
"Smoochum",2,"Ice","Psychic",0.4,6,305,45,30,15,85,65,65,45,70,61,FALSE
"Elekid",2,"Electric","",0.6,23.5,360,45,63,37,65,55,95,45,70,72,FALSE
"Magby",2,"Fire","",0.7,21.4,365,45,75,37,70,55,83,45,70,73,FALSE
"Miltank",2,"Normal","",1.2,75.5,490,95,80,105,40,70,100,45,70,172,FALSE
"Blissey",2,"Normal","",1.5,46.8,540,255,10,10,75,135,55,30,140,608,FALSE
"Raikou",2,"Electric","",1.9,178,580,90,85,75,115,100,115,3,35,261,TRUE
"Entei",2,"Fire","",2.1,198,580,115,115,85,90,75,100,3,35,261,TRUE
"Suicune",2,"Water","",2,187,580,100,75,115,90,115,85,3,35,261,TRUE
"Larvitar",2,"Rock","Ground",0.6,72,300,50,64,50,45,50,41,45,35,60,FALSE
"Pupitar",2,"Rock","Ground",1.2,152,410,70,84,70,65,70,51,45,35,144,FALSE
"Tyranitar",2,"Rock","Dark",2,202,600,100,134,110,95,100,61,45,35,270,FALSE
"Mega Tyranitar",2,"Rock","Dark",2.5,255,700,100,164,150,95,120,71,45,35,315,FALSE
"Lugia",2,"Psychic","Flying",5.2,216,680,106,90,130,90,154,110,3,0,306,TRUE
"Ho-oh",2,"Fire","Flying",3.8,199,680,106,130,90,110,154,90,3,0,306,TRUE
"Celebi",2,"Psychic","Grass",0.6,5,600,100,100,100,100,100,100,45,100,270,TRUE
"Treecko",3,"Grass","",0.5,5,310,40,45,35,65,55,70,45,70,62,FALSE
"Grovyle",3,"Grass","",0.9,21.6,405,50,65,45,85,65,95,45,70,142,FALSE
"Sceptile",3,"Grass","",1.7,52.2,530,70,85,65,105,85,120,45,70,239,FALSE
"Mega Sceptile",3,"Grass","Dragon",1.9,55.2,630,70,110,75,145,85,145,45,70,284,FALSE
"Torchic",3,"Fire","",0.4,2.5,310,45,60,40,70,50,45,45,70,62,FALSE
"Combusken",3,"Fire","Fighting",0.9,19.5,405,60,85,60,85,60,55,45,70,142,FALSE
"Blaziken",3,"Fire","Fighting",1.9,52,530,80,120,70,110,70,80,45,70,239,FALSE
"Mega Blaziken",3,"Fire","Fighting",1.9,52,630,80,160,80,130,80,100,45,70,284,FALSE
"Mudkip",3,"Water","",0.4,7.6,310,50,70,50,50,50,40,45,70,62,FALSE
"Marshtomp",3,"Water","Ground",0.7,28,405,70,85,70,60,70,50,45,70,142,FALSE
"Swampert",3,"Water","Ground",1.5,81.9,535,100,110,90,85,90,60,45,70,241,FALSE
"Mega Swampert",3,"Water","Ground",1.9,102,635,100,150,110,95,110,70,45,70,286,FALSE
"Poochyena",3,"Dark","",0.5,13.6,220,35,55,35,30,30,35,255,70,56,FALSE
"Mightyena",3,"Dark","",1,37,420,70,90,70,60,60,70,127,70,147,FALSE
"Zigzagoon",3,"Normal","",0.4,17.5,240,38,30,41,30,41,60,255,70,56,FALSE
"Linoone",3,"Normal","",0.5,32.5,420,78,70,61,50,61,100,90,70,147,FALSE
"Wurmple",3,"Bug","",0.3,3.6,195,45,45,35,20,30,20,255,70,56,FALSE
"Silcoon",3,"Bug","",0.6,10,205,50,35,55,25,25,15,120,70,72,FALSE
"Beautifly",3,"Bug","Flying",1,28.4,395,60,70,50,100,50,65,45,70,178,FALSE
"Cascoon",3,"Bug","",0.7,11.5,205,50,35,55,25,25,15,120,70,72,FALSE
"Dustox",3,"Bug","Poison",1.2,31.6,385,60,50,70,50,90,65,45,70,173,FALSE
"Lotad",3,"Water","Grass",0.5,2.6,220,40,30,30,40,50,30,255,70,44,FALSE
"Lombre",3,"Water","Grass",1.2,32.5,340,60,50,50,60,70,50,120,70,119,FALSE
"Ludicolo",3,"Water","Grass",1.5,55,480,80,70,70,90,100,70,45,70,216,FALSE
"Seedot",3,"Grass","",0.5,4,220,40,40,50,30,30,30,255,70,44,FALSE
"Nuzleaf",3,"Grass","Dark",1,28,340,70,70,40,60,40,60,120,70,119,FALSE
"Shiftry",3,"Grass","Dark",1.3,59.6,480,90,100,60,90,60,80,45,70,216,FALSE
"Taillow",3,"Normal","Flying",0.3,2.3,270,40,55,30,30,30,85,200,70,54,FALSE
"Swellow",3,"Normal","Flying",0.7,19.8,455,60,85,60,75,50,125,45,70,159,FALSE
"Wingull",3,"Water","Flying",0.6,9.5,270,40,30,30,55,30,85,190,70,54,FALSE
"Pelipper",3,"Water","Flying",1.2,28,440,60,50,100,95,70,65,45,70,154,FALSE
"Ralts",3,"Psychic","Fairy",0.4,6.6,198,28,25,25,45,35,40,235,35,40,FALSE
"Kirlia",3,"Psychic","Fairy",0.8,20.2,278,38,35,35,65,55,50,120,35,97,FALSE
"Gardevoir",3,"Psychic","Fairy",1.6,48.4,518,68,65,65,125,115,80,45,35,233,FALSE
"Mega Gardevoir",3,"Psychic","Fairy",1.6,48.4,618,68,85,65,165,135,100,45,35,278,FALSE
"Surskit",3,"Bug","Water",0.5,1.7,269,40,30,32,50,52,65,200,70,54,FALSE
"Masquerain",3,"Bug","Flying",0.8,3.6,454,70,60,62,100,82,80,75,70,159,FALSE
"Shroomish",3,"Grass","",0.4,4.5,295,60,40,60,40,60,35,255,70,59,FALSE
"Breloom",3,"Grass","Fighting",1.2,39.2,460,60,130,80,60,60,70,90,70,161,FALSE
"Slakoth",3,"Normal","",0.8,24,280,60,60,60,35,35,30,255,70,56,FALSE
"Vigoroth",3,"Normal","",1.4,46.5,440,80,80,80,55,55,90,120,70,154,FALSE
"Slaking",3,"Normal","",2,130.5,670,150,160,100,95,65,100,45,70,252,FALSE
"Nincada",3,"Bug","Ground",0.5,5.5,266,31,45,90,30,30,40,255,70,53,FALSE
"Ninjask",3,"Bug","Flying",0.8,12,456,61,90,45,50,50,160,120,70,160,FALSE
"Shedinja",3,"Bug","Ghost",0.8,1.2,236,1,90,45,30,30,40,45,70,83,FALSE
"Whismur",3,"Normal","",0.6,16.3,240,64,51,23,51,23,28,190,70,48,FALSE
"Loudred",3,"Normal","",1,40.5,360,84,71,43,71,43,48,120,70,126,FALSE
"Exploud",3,"Normal","",1.5,84,490,104,91,63,91,73,68,45,70,221,FALSE
"Makuhita",3,"Fighting","",1,86.4,237,72,60,30,20,30,25,180,70,47,FALSE
"Hariyama",3,"Fighting","",2.3,253.8,474,144,120,60,40,60,50,200,70,166,FALSE
"Azurill",3,"Normal","Fairy",0.2,2,190,50,20,40,20,40,20,150,70,38,FALSE
"Nosepass",3,"Rock","",1,97,375,30,45,135,45,90,30,255,70,75,FALSE
"Skitty",3,"Normal","",0.6,11,260,50,45,45,35,35,50,255,70,52,FALSE
"Delcatty",3,"Normal","",1.1,32.6,400,70,65,65,55,55,90,60,70,140,FALSE
"Sableye",3,"Dark","Ghost",0.5,11,380,50,75,75,65,65,50,45,35,133,FALSE
"Mega Sableye",3,"Dark","Ghost",0.5,161,480,50,85,125,85,115,20,45,35,168,FALSE
"Mawile",3,"Steel","Fairy",0.6,11.5,380,50,85,85,55,55,50,45,70,133,FALSE
"Mega Mawile",3,"Steel","Fairy",1,23.5,480,50,105,125,55,95,50,45,70,168,FALSE
"Aron",3,"Steel","Rock",0.4,60,330,50,70,100,40,40,30,180,35,66,FALSE
"Lairon",3,"Steel","Rock",0.9,120,430,60,90,140,50,50,40,90,35,151,FALSE
"Aggron",3,"Steel","Rock",2.1,360,530,70,110,180,60,60,50,45,35,239,FALSE
"Mega Aggron",3,"Steel","",2.2,395,630,70,140,230,60,80,50,45,35,284,FALSE
"Meditite",3,"Fighting","Psychic",0.6,11.2,280,30,40,55,40,55,60,180,70,56,FALSE
"Medicham",3,"Fighting","Psychic",1.3,31.5,410,60,60,75,60,75,80,90,70,144,FALSE
"Mega Medicham",3,"Fighting","Psychic",1.3,31.5,510,60,100,85,80,85,100,90,70,179,FALSE
"Electrike",3,"Electric","",0.6,15.2,295,40,45,40,65,40,65,120,70,59,FALSE
"Manectric",3,"Electric","",1.5,40.2,475,70,75,60,105,60,105,45,70,166,FALSE
"Mega Manectric",3,"Electric","",1.8,44,575,70,75,80,135,80,135,45,70,201,FALSE
"Plusle",3,"Electric","",0.4,4.2,405,60,50,40,85,75,95,200,70,142,FALSE
"Minun",3,"Electric","",0.4,4.2,405,60,40,50,75,85,95,200,70,142,FALSE
"Volbeat",3,"Bug","",0.7,17.7,430,65,73,75,47,85,85,150,70,151,FALSE
"Illumise",3,"Bug","",0.6,17.7,430,65,47,75,73,85,85,150,70,151,FALSE
"Roselia",3,"Grass","Poison",0.3,2,400,50,60,45,100,80,65,150,70,140,FALSE
"Gulpin",3,"Poison","",0.4,10.3,302,70,43,53,43,53,40,225,70,60,FALSE
"Swalot",3,"Poison","",1.7,80,467,100,73,83,73,83,55,75,70,163,FALSE
"Carvanha",3,"Water","Dark",0.8,20.8,305,45,90,20,65,20,65,225,35,61,FALSE
"Sharpedo",3,"Water","Dark",1.8,88.8,460,70,120,40,95,40,95,60,35,161,FALSE
"Mega Sharpedo",3,"Water","Dark",2.5,130.3,560,70,140,70,110,65,105,60,35,196,FALSE
"Wailmer",3,"Water","",2,130,400,130,70,35,70,35,60,125,70,80,FALSE
"Wailord",3,"Water","",14.5,398,500,170,90,45,90,45,60,60,70,175,FALSE
"Numel",3,"Fire","Ground",0.7,24,305,60,60,40,65,45,35,255,70,61,FALSE
"Camerupt",3,"Fire","Ground",1.9,220,460,70,100,70,105,75,40,150,70,161,FALSE
"Mega Camerupt",3,"Fire","Ground",2.5,320.5,560,70,120,100,145,105,20,150,70,196,FALSE
"Torkoal",3,"Fire","",0.5,80.4,470,70,85,140,85,70,20,90,70,165,FALSE
"Spoink",3,"Psychic","",0.7,30.6,330,60,25,35,70,80,60,255,70,66,FALSE
"Grumpig",3,"Psychic","",0.9,71.5,470,80,45,65,90,110,80,60,70,165,FALSE
"Spinda",3,"Normal","",1.1,5,360,60,60,60,60,60,60,255,70,126,FALSE
"Trapinch",3,"Ground","",0.7,15,290,45,100,45,45,45,10,255,70,58,FALSE
"Vibrava",3,"Ground","Dragon",1.1,15.3,340,50,70,50,50,50,70,120,70,119,FALSE
"Flygon",3,"Ground","Dragon",2,82,520,80,100,80,80,80,100,45,70,234,FALSE
"Cacnea",3,"Grass","",0.4,51.3,335,50,85,40,85,40,35,190,35,67,FALSE
"Cacturne",3,"Grass","Dark",1.3,77.4,475,70,115,60,115,60,55,60,35,166,FALSE
"Swablu",3,"Normal","Flying",0.4,1.2,310,45,40,60,40,75,50,255,70,62,FALSE
"Altaria",3,"Dragon","Flying",1.1,20.6,490,75,70,90,70,105,80,45,70,172,FALSE
"Mega Altaria",3,"Dragon","Fairy",1.5,20.6,590,75,110,110,110,105,80,45,70,207,FALSE
"Zangoose",3,"Normal","",1.3,40.3,458,73,115,60,60,60,90,90,70,160,FALSE
"Seviper",3,"Poison","",2.7,52.5,458,73,100,60,100,60,65,90,70,160,FALSE
"Lunatone",3,"Rock","Psychic",1,168,460,90,55,65,95,85,70,45,70,161,FALSE
"Solrock",3,"Rock","Psychic",1.2,154,460,90,95,85,55,65,70,45,70,161,FALSE
"Barboach",3,"Water","Ground",0.4,1.9,288,50,48,43,46,41,60,190,70,58,FALSE
"Whiscash",3,"Water","Ground",0.9,23.6,468,110,78,73,76,71,60,75,70,164,FALSE
"Corphish",3,"Water","",0.6,11.5,308,43,80,65,50,35,35,205,70,62,FALSE
"Crawdaunt",3,"Water","Dark",1.1,32.8,468,63,120,85,90,55,55,155,70,164,FALSE
"Baltoy",3,"Ground","Psychic",0.5,21.5,300,40,40,55,40,70,55,255,70,60,FALSE
"Claydol",3,"Ground","Psychic",1.5,108,500,60,70,105,70,120,75,90,70,175,FALSE
"Lileep",3,"Rock","Grass",1,23.8,355,66,41,77,61,87,23,45,70,71,FALSE
"Cradily",3,"Rock","Grass",1.5,60.4,495,86,81,97,81,107,43,45,70,173,FALSE
"Anorith",3,"Rock","Bug",0.7,12.5,355,45,95,50,40,50,75,45,70,71,FALSE
"Armaldo",3,"Rock","Bug",1.5,68.2,495,75,125,100,70,80,45,45,70,173,FALSE
"Feebas",3,"Water","",0.6,7.4,200,20,15,20,10,55,80,255,70,40,FALSE
"Milotic",3,"Water","",6.2,162,540,95,60,79,100,125,81,60,70,189,FALSE
"Castform",3,"Normal","",0.3,0.8,420,70,70,70,70,70,70,45,70,147,FALSE
"Castform Sunny Form",3,"Fire","",0.3,0.8,420,70,70,70,70,70,70,45,70,147,FALSE
"Castform Rainy Form",3,"Water","",0.3,0.8,420,70,70,70,70,70,70,45,70,147,FALSE
"Castform Snowy Form",3,"Ice","",0.3,0.8,420,70,70,70,70,70,70,45,70,147,FALSE
"Kecleon",3,"Normal","",1,22,440,60,90,70,60,120,40,200,70,154,FALSE
"Shuppet",3,"Ghost","",0.6,2.3,295,44,75,35,63,33,45,225,35,59,FALSE
"Banette",3,"Ghost","",1.1,12.5,455,64,115,65,83,63,65,45,35,159,FALSE
"Mega Banette",3,"Ghost","",1.2,13,555,64,165,75,93,83,75,45,35,194,FALSE
"Duskull",3,"Ghost","",0.8,15,295,20,40,90,30,90,25,190,35,59,FALSE
"Dusclops",3,"Ghost","",1.6,30.6,455,40,70,130,60,130,25,90,35,159,FALSE
"Tropius",3,"Grass","Flying",2,100,460,99,68,83,72,87,51,200,70,161,FALSE
"Chimecho",3,"Psychic","",0.6,1,455,75,50,80,95,90,65,45,70,159,FALSE
"Absol",3,"Dark","",1.2,47,465,65,130,60,75,60,75,30,35,163,FALSE
"Mega Absol",3,"Dark","",1.2,49,565,65,150,60,115,60,115,30,35,198,FALSE
"Wynaut",3,"Psychic","",0.6,14,260,95,23,48,23,48,23,125,70,52,FALSE
"Snorunt",3,"Ice","",0.7,16.8,300,50,50,50,50,50,50,190,70,60,FALSE
"Glalie",3,"Ice","",1.5,256.5,480,80,80,80,80,80,80,75,70,168,FALSE
"Mega Glalie",3,"Ice","",2.1,350.2,580,80,120,80,120,80,100,75,70,203,FALSE
"Spheal",3,"Ice","Water",0.8,39.5,290,70,40,50,55,50,25,255,70,58,FALSE
"Sealeo",3,"Ice","Water",1.1,87.6,410,90,60,70,75,70,45,120,70,144,FALSE
"Walrein",3,"Ice","Water",1.4,150.6,530,110,80,90,95,90,65,45,70,239,FALSE
"Clamperl",3,"Water","",0.4,52.5,345,35,64,85,74,55,32,255,70,69,FALSE
"Huntail",3,"Water","",1.7,27,485,55,104,105,94,75,52,60,70,170,FALSE
"Gorebyss",3,"Water","",1.8,22.6,485,55,84,105,114,75,52,60,70,170,FALSE
"Relicanth",3,"Water","Rock",1,23.4,485,100,90,130,45,65,55,25,70,170,FALSE
"Luvdisc",3,"Water","",0.6,8.7,330,43,30,55,40,65,97,225,70,116,FALSE
"Bagon",3,"Dragon","",0.6,42.1,300,45,75,60,40,30,50,45,35,60,FALSE
"Shelgon",3,"Dragon","",1.1,110.5,420,65,95,100,60,50,50,45,35,147,FALSE
"Salamence",3,"Dragon","Flying",1.5,102.6,600,95,135,80,110,80,100,45,35,270,FALSE
"Mega Salamence",3,"Dragon","Flying",1.8,112.6,700,95,145,130,120,90,120,45,35,315,FALSE
"Beldum",3,"Steel","Psychic",0.6,95.2,300,40,55,80,35,60,30,3,35,60,FALSE
"Metang",3,"Steel","Psychic",1.2,202.5,420,60,75,100,55,80,50,3,35,147,FALSE
"Metagross",3,"Steel","Psychic",1.6,550,600,80,135,130,95,90,70,3,35,270,FALSE
"Mega Metagross",3,"Steel","Psychic",2.5,942.9,700,80,145,150,105,110,110,3,35,315,FALSE
"Regirock",3,"Rock","",1.7,230,580,80,100,200,50,100,50,3,35,261,TRUE
"Regice",3,"Ice","",1.8,175,580,80,50,100,100,200,50,3,35,261,TRUE
"Registeel",3,"Steel","",1.9,205,580,80,75,150,75,150,50,3,35,261,TRUE
"Latias",3,"Dragon","Psychic",1.4,40,600,80,80,90,110,130,110,3,90,270,TRUE
"Mega Latias",3,"Dragon","Psychic",1.8,52,700,80,100,120,140,150,110,3,90,315,TRUE
"Latios",3,"Dragon","Psychic",2,60,600,80,90,80,130,110,110,3,90,270,TRUE
"Mega Latios",3,"Dragon","Psychic",2.3,70,700,80,130,100,160,120,110,3,90,315,TRUE
"Kyogre",3,"Water","",4.5,352,670,100,100,90,150,140,90,3,0,302,TRUE
"Primal Kyogre",3,"Water","",9.8,430,770,100,150,90,180,160,90,5,0,347,TRUE
"Groudon",3,"Ground","",3.5,950,670,100,150,140,100,90,90,3,0,302,TRUE
"Primal Groudon",3,"Ground","Fire",5,999.7,770,100,180,160,150,90,90,5,0,347,TRUE
"Rayquaza",3,"Dragon","Flying",7,206.5,680,105,150,90,150,90,95,45,0,306,TRUE
"Mega Rayquaza",3,"Dragon","Flying",10.8,392,780,105,180,100,180,100,115,3,0,351,TRUE
"Jirachi",3,"Steel","Psychic",0.3,1.1,600,100,100,100,100,100,100,3,100,270,TRUE
"Deoxys Normal Forme",3,"Psychic","",1.7,60.8,600,50,150,50,150,50,150,3,0,270,TRUE
"Deoxys Attack Forme",3,"Psychic","",1.7,60.8,600,50,180,20,180,20,150,3,0,270,TRUE
"Deoxys Defense Forme",3,"Psychic","",1.7,60.8,600,50,70,160,70,160,90,3,0,270,TRUE
"Deoxys Speed Forme",3,"Psychic","",1.7,60.8,600,50,95,90,95,90,180,3,0,270,TRUE
"Turtwig",4,"Grass","",0.4,10.2,318,55,68,64,45,55,31,45,70,64,FALSE
"Grotle",4,"Grass","",1.1,97,405,75,89,85,55,65,36,45,70,142,FALSE
"Torterra",4,"Grass","Ground",2.2,310,525,95,109,105,75,85,56,45,70,236,FALSE
"Chimchar",4,"Fire","",0.5,6.2,309,44,58,44,58,44,61,45,70,62,FALSE
"Monferno",4,"Fire","Fighting",0.9,22,405,64,78,52,78,52,81,45,70,142,FALSE
"Infernape",4,"Fire","Fighting",1.2,55,534,76,104,71,104,71,108,45,70,240,FALSE
"Piplup",4,"Water","",0.4,5.2,314,53,51,53,61,56,40,45,70,63,FALSE
"Prinplup",4,"Water","",0.8,23,405,64,66,68,81,76,50,45,70,142,FALSE
"Empoleon",4,"Water","Steel",1.7,84.5,530,84,86,88,111,101,60,45,70,239,FALSE
"Starly",4,"Normal","Flying",0.3,2,245,40,55,30,30,30,60,255,70,49,FALSE
"Staravia",4,"Normal","Flying",0.6,15.5,340,55,75,50,40,40,80,120,70,119,FALSE
"Staraptor",4,"Normal","Flying",1.2,24.9,485,85,120,70,50,60,100,45,70,218,FALSE
"Bidoof",4,"Normal","",0.5,20,250,59,45,40,35,40,31,255,70,50,FALSE
"Bibarel",4,"Normal","Water",1,31.5,410,79,85,60,55,60,71,127,70,144,FALSE
"Kricketot",4,"Bug","",0.3,2.2,194,37,25,41,25,41,25,255,70,39,FALSE
"Kricketune",4,"Bug","",1,25.5,384,77,85,51,55,51,65,45,70,134,FALSE
"Shinx",4,"Electric","",0.5,9.5,263,45,65,34,40,34,45,235,70,53,FALSE
"Luxio",4,"Electric","",0.9,30.5,363,60,85,49,60,49,60,120,100,127,FALSE
"Luxray",4,"Electric","",1.4,42,523,80,120,79,95,79,70,45,70,235,FALSE
"Budew",4,"Grass","Poison",0.2,1.2,280,40,30,35,50,70,55,255,70,56,FALSE
"Roserade",4,"Grass","Poison",0.9,14.5,515,60,70,65,125,105,90,75,70,232,FALSE
"Cranidos",4,"Rock","",0.9,31.5,350,67,125,40,30,30,58,45,70,70,FALSE
"Rampardos",4,"Rock","",1.6,102.5,495,97,165,60,65,50,58,45,70,173,FALSE
"Shieldon",4,"Rock","Steel",0.5,57,350,30,42,118,42,88,30,45,70,70,FALSE
"Bastiodon",4,"Rock","Steel",1.3,149.5,495,60,52,168,47,138,30,45,70,173,FALSE
"Burmy",4,"Bug","",0.2,3.4,224,40,29,45,29,45,36,120,70,45,FALSE
"Wormadam Plant Cloak",4,"Bug","Grass",0.5,6.5,424,60,59,85,79,105,36,45,70,148,FALSE
"Wormadam Sandy Cloak",4,"Bug","Ground",0.5,6.5,424,60,79,105,59,85,36,45,70,148,FALSE
"Wormadam Trash Cloak",4,"Bug","Steel",0.5,6.5,424,60,69,95,69,95,36,45,70,148,FALSE
"Mothim",4,"Bug","Flying",0.9,23.3,424,70,94,50,94,50,66,45,70,148,FALSE
"Combee",4,"Bug","Flying",0.3,5.5,244,30,30,42,30,42,70,120,70,49,FALSE
"Vespiquen",4,"Bug","Flying",1.2,38.5,474,70,80,102,80,102,40,45,70,166,FALSE
"Pachirisu",4,"Electric","",0.4,3.9,405,60,45,70,45,90,95,200,100,142,FALSE
"Buizel",4,"Water","",0.7,29.5,330,55,65,35,60,30,85,190,70,66,FALSE
"Floatzel",4,"Water","",1.1,33.5,495,85,105,55,85,50,115,75,70,173,FALSE
"Cherubi",4,"Grass","",0.4,3.3,275,45,35,45,62,53,35,190,70,55,FALSE
"Cherrim",4,"Grass","",0.5,9.3,450,70,60,70,87,78,85,75,70,158,FALSE
"Shellos",4,"Water","",0.3,6.3,325,76,48,48,57,62,34,190,70,65,FALSE
"Gastrodon",4,"Water","Ground",0.9,29.9,475,111,83,68,92,82,39,75,70,166,FALSE
"Ambipom",4,"Normal","",1.2,20.3,482,75,100,66,60,66,115,45,100,169,FALSE
"Drifloon",4,"Ghost","Flying",0.4,1.2,348,90,50,34,60,44,70,125,70,70,FALSE
"Drifblim",4,"Ghost","Flying",1.2,15,498,150,80,44,90,54,80,60,70,174,FALSE
"Buneary",4,"Normal","",0.4,5.5,350,55,66,44,44,56,85,190,0,70,FALSE
"Lopunny",4,"Normal","",1.2,33.3,480,65,76,84,54,96,105,60,140,168,FALSE
"Mega Lopunny",4,"Normal","Fighting",1.3,28.3,580,65,136,94,54,96,135,60,140,203,FALSE
"Mismagius",4,"Ghost","",0.9,4.4,495,60,60,60,105,105,105,45,35,173,FALSE
"Honchkrow",4,"Dark","Flying",0.9,27.3,505,100,125,52,105,52,71,30,35,177,FALSE
"Glameow",4,"Normal","",0.5,3.9,310,49,55,42,42,37,85,190,70,62,FALSE
"Purugly",4,"Normal","",1,43.8,452,71,82,64,64,59,112,75,70,158,FALSE
"Chingling",4,"Psychic","",0.2,0.6,285,45,30,50,65,50,45,120,70,57,FALSE
"Stunky",4,"Poison","Dark",0.4,19.2,329,63,63,47,41,41,74,225,70,66,FALSE
"Skuntank",4,"Poison","Dark",1,38,479,103,93,67,71,61,84,60,70,168,FALSE
"Bronzor",4,"Steel","Psychic",0.5,60.5,300,57,24,86,24,86,23,255,70,60,FALSE
"Bronzong",4,"Steel","Psychic",1.3,187,500,67,89,116,79,116,33,90,70,175,FALSE
"Bonsly",4,"Rock","",0.5,15,290,50,80,95,10,45,10,255,70,58,FALSE
"Mime Jr.",4,"Psychic","Fairy",0.6,13,310,20,25,45,70,90,60,145,70,62,FALSE
"Happiny",4,"Normal","",0.6,24.4,220,100,5,5,15,65,30,130,140,110,FALSE
"Chatot",4,"Normal","Flying",0.5,1.9,411,76,65,45,92,42,91,30,35,144,FALSE
"Spiritomb",4,"Ghost","Dark",1,108,485,50,92,108,92,108,35,100,70,170,FALSE
"Gible",4,"Dragon","Ground",0.7,20.5,300,58,70,45,40,45,42,45,70,60,FALSE
"Gabite",4,"Dragon","Ground",1.4,56,410,68,90,65,50,55,82,45,70,144,FALSE
"Garchomp",4,"Dragon","Ground",1.9,95,600,108,130,95,80,85,102,45,70,270,FALSE
"Mega Garchomp",4,"Dragon","Ground",1.9,95,700,108,170,115,120,95,92,45,70,315,FALSE
"Munchlax",4,"Normal","",0.6,105,390,135,85,40,40,85,5,50,70,78,FALSE
"Riolu",4,"Fighting","",0.7,20.2,285,40,70,40,35,40,60,75,70,57,FALSE
"Lucario",4,"Fighting","Steel",1.2,54,525,70,110,70,115,70,90,45,70,184,FALSE
"Mega Lucario",4,"Fighting","Steel",1.3,57.5,625,70,145,88,140,70,112,45,70,219,FALSE
"Hippopotas",4,"Ground","",0.8,49.5,330,68,72,78,38,42,32,140,70,66,FALSE
"Hippowdon",4,"Ground","",2,300,525,108,112,118,68,72,47,60,70,184,FALSE
"Skorupi",4,"Poison","Bug",0.8,12,330,40,50,90,30,55,65,120,70,66,FALSE
"Drapion",4,"Poison","Dark",1.3,61.5,500,70,90,110,60,75,95,45,70,175,FALSE
"Croagunk",4,"Poison","Fighting",0.7,23,300,48,61,40,61,40,50,140,100,60,FALSE
"Toxicroak",4,"Poison","Fighting",1.3,44.4,490,83,106,65,86,65,85,75,70,172,FALSE
"Carnivine",4,"Grass","",1.4,27,454,74,100,72,90,72,46,200,70,159,FALSE
"Finneon",4,"Water","",0.4,7,330,49,49,56,49,61,66,190,70,66,FALSE
"Lumineon",4,"Water","",1.2,24,460,69,69,76,69,86,91,75,70,161,FALSE
"Mantyke",4,"Water","Flying",1,65,345,45,20,50,60,120,50,25,70,69,FALSE
"Snover",4,"Grass","Ice",1,50.5,334,60,62,50,62,60,40,120,70,67,FALSE
"Abomasnow",4,"Grass","Ice",2.2,135.5,494,90,92,75,92,85,60,60,70,173,FALSE
"Mega Abomasnow",4,"Grass","Ice",2.7,185,594,90,132,105,132,105,30,60,70,208,FALSE
"Weavile",4,"Dark","Ice",1.1,34,510,70,120,65,45,85,125,45,35,179,FALSE
"Magnezone",4,"Electric","Steel",1.2,180,535,70,70,115,130,90,60,30,70,241,FALSE
"Lickilicky",4,"Normal","",1.7,140,515,110,85,95,80,95,50,30,70,180,FALSE
"Rhyperior",4,"Ground","Rock",2.4,282.8,535,115,140,130,55,55,40,30,70,241,FALSE
"Tangrowth",4,"Grass","",2,128.6,535,100,100,125,110,50,50,30,70,187,FALSE
"Electivire",4,"Electric","",1.8,138.6,540,75,123,67,95,85,95,30,70,243,FALSE
"Magmortar",4,"Fire","",1.6,68,540,75,95,67,125,95,83,30,70,243,FALSE
"Togekiss",4,"Fairy","Flying",1.5,38,545,85,50,95,120,115,80,30,70,245,FALSE
"Yanmega",4,"Bug","Flying",1.9,51.5,515,86,76,86,116,56,95,30,70,180,FALSE
"Leafeon",4,"Grass","",1,25.5,525,65,110,130,60,65,95,45,35,184,FALSE
"Glaceon",4,"Ice","",0.8,25.9,525,65,60,110,130,95,65,45,35,184,FALSE
"Gliscor",4,"Ground","Flying",2,42.5,510,75,95,125,45,75,95,30,70,179,FALSE
"Mamoswine",4,"Ice","Ground",2.5,291,530,110,130,80,70,60,80,50,70,239,FALSE
"Porygon-Z",4,"Normal","",0.9,34,535,85,80,70,135,75,90,30,70,241,FALSE
"Gallade",4,"Psychic","Fighting",1.6,52,518,68,125,65,65,115,80,45,35,233,FALSE
"Mega Gallade",4,"Psychic","Fighting",1.6,56.4,618,68,165,95,65,115,110,45,35,278,FALSE
"Probopass",4,"Rock","Steel",1.4,340,525,60,55,145,75,150,40,60,70,184,FALSE
"Dusknoir",4,"Ghost","",2.2,106.6,525,45,100,135,65,135,45,45,35,236,FALSE
"Froslass",4,"Ice","Ghost",1.3,26.6,480,70,80,70,80,70,110,75,70,168,FALSE
"Rotom",4,"Electric","Ghost",0.3,0.3,440,50,50,77,95,77,91,45,70,154,FALSE
"Heat Rotom",4,"Electric","Fire",0.3,0.3,520,50,65,107,105,107,86,45,70,182,FALSE
"Wash Rotom",4,"Electric","Water",0.3,0.3,520,50,65,107,105,107,86,45,70,182,FALSE
"Frost Rotom",4,"Electric","Ice",0.3,0.3,520,50,65,107,105,107,86,45,70,182,FALSE
"Fan Rotom",4,"Electric","Flying",0.3,0.3,520,50,65,107,105,107,86,45,70,182,FALSE
"Mow Rotom",4,"Electric","Grass",0.3,0.3,520,50,65,107,105,107,86,45,70,182,FALSE
"Uxie",4,"Psychic","",0.3,0.3,580,75,75,130,75,130,95,3,140,261,TRUE
"Mesprit",4,"Psychic","",0.3,0.3,580,80,105,105,105,105,80,3,140,261,TRUE
"Azelf",4,"Psychic","",0.3,0.3,580,75,125,70,125,70,115,3,140,261,TRUE
"Dialga",4,"Steel","Dragon",5.4,683,680,100,120,120,150,100,90,3,0,306,TRUE
"Palkia",4,"Water","Dragon",4.2,336,680,90,120,100,150,120,100,3,0,306,TRUE
"Heatran",4,"Fire","Steel",1.7,430,600,91,90,106,130,106,77,3,100,270,TRUE
"Regigigas",4,"Normal","",3.7,420,670,110,160,110,80,110,100,3,0,302,TRUE
"Giratina Altered Forme",4,"Ghost","Dragon",4.5,750,680,150,100,120,100,120,90,3,0,306,TRUE
"Giratina Origin Forme",4,"Ghost","Dragon",6.9,650,680,150,120,100,120,100,90,3,0,306,TRUE
"Cresselia",4,"Psychic","",1.5,85.6,600,120,70,120,75,130,85,3,100,270,TRUE
"Phione",4,"Water","",0.4,3.1,480,80,80,80,80,80,80,30,70,216,TRUE
"Manaphy",4,"Water","",0.3,1.4,600,100,100,100,100,100,100,3,70,270,TRUE
"Darkrai",4,"Dark","",1.5,50.5,600,70,90,90,135,90,125,3,0,270,TRUE
"Shaymin Land Forme",4,"Grass","",0.2,2.1,600,100,100,100,100,100,100,45,100,270,TRUE
"Shaymin Sky Forme",4,"Grass","Flying",0.4,5.2,600,100,103,75,120,75,127,45,100,270,TRUE
"Arceus",4,"Normal","",3.2,320,720,120,120,120,120,120,120,3,0,324,TRUE
"Victini",5,"Psychic","Fire",0.4,4,600,100,100,100,100,100,100,3,100,270,TRUE
"Snivy",5,"Grass","",0.6,8.1,308,45,45,55,45,55,63,45,70,62,FALSE
"Servine",5,"Grass","",0.8,16,413,60,60,75,60,75,83,45,70,145,FALSE
"Serperior",5,"Grass","",3.3,63,528,75,75,95,75,95,113,45,70,238,FALSE
"Tepig",5,"Fire","",0.5,9.9,308,65,63,45,45,45,45,45,70,62,FALSE
"Pignite",5,"Fire","Fighting",1,55.5,418,90,93,55,70,55,55,45,70,146,FALSE
"Emboar",5,"Fire","Fighting",1.6,150,528,110,123,65,100,65,65,45,70,238,FALSE
"Oshawott",5,"Water","",0.5,5.9,308,55,55,45,63,45,45,45,70,62,FALSE
"Dewott",5,"Water","",0.8,24.5,413,75,75,60,83,60,60,45,70,145,FALSE
"Samurott",5,"Water","",1.5,94.6,528,95,100,85,108,70,70,45,70,238,FALSE
"Patrat",5,"Normal","",0.5,11.6,255,45,55,39,35,39,42,255,70,51,FALSE
"Watchog",5,"Normal","",1.1,27,420,60,85,69,60,69,77,255,70,147,FALSE
"Lillipup",5,"Normal","",0.4,4.1,275,45,60,45,25,45,55,255,70,55,FALSE
"Herdier",5,"Normal","",0.9,14.7,370,65,80,65,35,65,60,120,70,130,FALSE
"Stoutland",5,"Normal","",1.2,61,500,85,110,90,45,90,80,45,70,225,FALSE
"Purrloin",5,"Dark","",0.4,10.1,281,41,50,37,50,37,66,255,70,56,FALSE
"Liepard",5,"Dark","",1.1,37.5,446,64,88,50,88,50,106,90,70,156,FALSE
"Pansage",5,"Grass","",0.6,10.5,316,50,53,48,53,48,64,190,70,63,FALSE
"Simisage",5,"Grass","",1.1,30.5,498,75,98,63,98,63,101,75,70,174,FALSE
"Pansear",5,"Fire","",0.6,11,316,50,53,48,53,48,64,190,70,63,FALSE
"Simisear",5,"Fire","",1,28,498,75,98,63,98,63,101,75,70,174,FALSE
"Panpour",5,"Water","",0.6,13.5,316,50,53,48,53,48,64,190,70,63,FALSE
"Simipour",5,"Water","",1,29,498,75,98,63,98,63,101,75,70,174,FALSE
"Munna",5,"Psychic","",0.6,23.3,292,76,25,45,67,55,24,190,70,58,FALSE
"Musharna",5,"Psychic","",1.1,60.5,487,116,55,85,107,95,29,75,70,170,FALSE
"Pidove",5,"Normal","Flying",0.3,2.1,264,50,55,50,36,30,43,255,70,53,FALSE
"Tranquill",5,"Normal","Flying",0.6,15,358,62,77,62,50,42,65,120,70,125,FALSE
"Unfezant",5,"Normal","Flying",1.2,29,488,80,115,80,65,55,93,45,70,220,FALSE
"Blitzle",5,"Electric","",0.8,29.8,295,45,60,32,50,32,76,190,70,59,FALSE
"Zebstrika",5,"Electric","",1.6,79.5,497,75,100,63,80,63,116,75,70,174,FALSE
"Roggenrola",5,"Rock","",0.4,18,280,55,75,85,25,25,15,255,70,56,FALSE
"Boldore",5,"Rock","",0.9,102,390,70,105,105,50,40,20,120,70,137,FALSE
"Gigalith",5,"Rock","",1.7,260,515,85,135,130,60,80,25,45,70,232,FALSE
"Woobat",5,"Psychic","Flying",0.4,2.1,323,65,45,43,55,43,72,190,70,65,FALSE
"Swoobat",5,"Psychic","Flying",0.9,10.5,425,67,57,55,77,55,114,45,70,149,FALSE
"Drilbur",5,"Ground","",0.3,8.5,328,60,85,40,30,45,68,120,70,66,FALSE
"Excadrill",5,"Ground","Steel",0.7,40.4,508,110,135,60,50,65,88,60,70,178,FALSE
"Audino",5,"Normal","",1.1,31,445,103,60,86,60,86,50,255,70,390,FALSE
"Mega Audino",5,"Normal","Fairy",1.5,32,545,103,60,126,80,126,50,255,70,425,FALSE
"Timburr",5,"Fighting","",0.6,12.5,305,75,80,55,25,35,35,180,70,61,FALSE
"Gurdurr",5,"Fighting","",1.2,40,405,85,105,85,40,50,40,90,70,142,FALSE
"Conkeldurr",5,"Fighting","",1.4,87,505,105,140,95,55,65,45,45,70,227,FALSE
"Tympole",5,"Water","",0.5,4.5,294,50,50,40,50,40,64,255,70,59,FALSE
"Palpitoad",5,"Water","Ground",0.8,17,384,75,65,55,65,55,69,120,70,134,FALSE
"Seismitoad",5,"Water","Ground",1.5,62,509,105,95,75,85,75,74,45,70,229,FALSE
"Throh",5,"Fighting","",1.3,55.5,465,120,100,85,30,85,45,45,70,163,FALSE
"Sawk",5,"Fighting","",1.4,51,465,75,125,75,30,75,85,45,70,163,FALSE
"Sewaddle",5,"Bug","Grass",0.3,2.5,310,45,53,70,40,60,42,255,70,62,FALSE
"Swadloon",5,"Bug","Grass",0.5,7.3,380,55,63,90,50,80,42,120,70,133,FALSE
"Leavanny",5,"Bug","Grass",1.2,20.5,500,75,103,80,70,80,92,45,70,225,FALSE
"Venipede",5,"Bug","Poison",0.4,5.3,260,30,45,59,30,39,57,255,70,52,FALSE
"Whirlipede",5,"Bug","Poison",1.2,58.5,360,40,55,99,40,79,47,120,70,126,FALSE
"Scolipede",5,"Bug","Poison",2.5,200.5,485,60,100,89,55,69,112,45,70,218,FALSE
"Cottonee",5,"Grass","Fairy",0.3,0.6,280,40,27,60,37,50,66,190,70,56,FALSE
"Whimsicott",5,"Grass","Fairy",0.7,6.6,480,60,67,85,77,75,116,75,70,168,FALSE
"Petilil",5,"Grass","",0.5,6.6,280,45,35,50,70,50,30,190,70,56,FALSE
"Lilligant",5,"Grass","",1.1,16.3,480,70,60,75,110,75,90,75,70,168,FALSE
"Basculin Red-Striped Form",5,"Water","",1,18,460,70,92,65,80,55,98,25,70,161,FALSE
"Basculin Blue-Striped Form",5,"Water","",1,18,460,70,92,65,80,55,98,25,70,161,FALSE
"Sandile",5,"Ground","Dark",0.7,15.2,292,50,72,35,35,35,65,180,70,58,FALSE
"Krokorok",5,"Ground","Dark",1,33.4,351,60,82,45,45,45,74,90,70,123,FALSE
"Krookodile",5,"Ground","Dark",1.5,96.3,519,95,117,80,65,70,92,45,70,234,FALSE
"Darumaka",5,"Fire","",0.6,37.5,315,70,90,45,15,45,50,120,70,63,FALSE
"Darmanitan Standard Mode",5,"Fire","",1.3,92.9,480,105,140,55,30,55,95,60,70,168,FALSE
"Darmanitan Zen Mode",5,"Fire","Psychic",1.3,92.9,540,105,30,105,140,105,55,60,70,189,FALSE
"Maractus",5,"Grass","",1,28,461,75,86,67,106,67,60,255,70,161,FALSE
"Dwebble",5,"Bug","Rock",0.3,14.5,325,50,65,85,35,35,55,190,70,65,FALSE
"Crustle",5,"Bug","Rock",1.4,200,485,70,105,125,65,75,45,75,70,170,FALSE
"Scraggy",5,"Dark","Fighting",0.6,11.8,348,50,75,70,35,70,48,180,35,70,FALSE
"Scrafty",5,"Dark","Fighting",1.1,30,488,65,90,115,45,115,58,90,70,171,FALSE
"Sigilyph",5,"Psychic","Flying",1.4,14,490,72,58,80,103,80,97,45,70,172,FALSE
"Yamask",5,"Ghost","",0.5,1.5,303,38,30,85,55,65,30,190,70,61,FALSE
"Cofagrigus",5,"Ghost","",1.7,76.5,483,58,50,145,95,105,30,90,70,169,FALSE
"Tirtouga",5,"Water","Rock",0.7,16.5,355,54,78,103,53,45,22,45,70,71,FALSE
"Carracosta",5,"Water","Rock",1.2,81,495,74,108,133,83,65,32,45,70,173,FALSE
"Archen",5,"Rock","Flying",0.5,9.5,401,55,112,45,74,45,70,45,70,71,FALSE
"Archeops",5,"Rock","Flying",1.4,32,567,75,140,65,112,65,110,45,70,177,FALSE
"Trubbish",5,"Poison","",0.6,31,329,50,50,62,40,62,65,190,70,66,FALSE
"Garbodor",5,"Poison","",1.9,107.3,474,80,95,82,60,82,75,60,70,166,FALSE
"Zorua",5,"Dark","",0.7,12.5,330,40,65,40,80,40,65,75,70,66,FALSE
"Zoroark",5,"Dark","",1.6,81.1,510,60,105,60,120,60,105,45,70,179,FALSE
"Minccino",5,"Normal","",0.4,5.8,300,55,50,40,40,40,75,255,70,60,FALSE
"Cinccino",5,"Normal","",0.5,7.5,470,75,95,60,65,60,115,60,70,165,FALSE
"Gothita",5,"Psychic","",0.4,5.8,290,45,30,50,55,65,45,200,70,58,FALSE
"Gothorita",5,"Psychic","",0.7,18,390,60,45,70,75,85,55,100,70,137,FALSE
"Gothitelle",5,"Psychic","",1.5,44,490,70,55,95,95,110,65,50,70,221,FALSE
"Solosis",5,"Psychic","",0.3,1,290,45,30,40,105,50,20,200,70,58,FALSE
"Duosion",5,"Psychic","",0.6,8,370,65,40,50,125,60,30,100,70,130,FALSE
"Reuniclus",5,"Psychic","",1,20.1,490,110,65,75,125,85,30,50,70,221,FALSE
"Ducklett",5,"Water","Flying",0.5,5.5,305,62,44,50,44,50,55,190,70,61,FALSE
"Swanna",5,"Water","Flying",1.3,24.2,473,75,87,63,87,63,98,45,70,166,FALSE
"Vanillite",5,"Ice","",0.4,5.7,305,36,50,50,65,60,44,255,70,61,FALSE
"Vanillish",5,"Ice","",1.1,41,395,51,65,65,80,75,59,120,70,138,FALSE
"Vanilluxe",5,"Ice","",1.3,57.5,535,71,95,85,110,95,79,45,70,241,FALSE
"Deerling",5,"Normal","Grass",0.6,19.5,335,60,60,50,40,50,75,190,70,67,FALSE
"Sawsbuck",5,"Normal","Grass",1.9,92.5,475,80,100,70,60,70,95,75,70,166,FALSE
"Emolga",5,"Electric","Flying",0.4,5,428,55,75,60,75,60,103,200,70,150,FALSE
"Karrablast",5,"Bug","",0.5,5.9,315,50,75,45,40,45,60,200,70,63,FALSE
"Escavalier",5,"Bug","Steel",1,33,495,70,135,105,60,105,20,75,70,173,FALSE
"Foongus",5,"Grass","Poison",0.2,1,294,69,55,45,55,55,15,190,70,59,FALSE
"Amoonguss",5,"Grass","Poison",0.6,10.5,464,114,85,70,85,80,30,75,70,162,FALSE
"Frillish",5,"Water","Ghost",1.2,33,335,55,40,50,65,85,40,190,70,67,FALSE
"Jellicent",5,"Water","Ghost",2.2,135,480,100,60,70,85,105,60,60,70,168,FALSE
"Alomomola",5,"Water","",1.2,31.6,470,165,75,80,40,45,65,75,70,165,FALSE
"Joltik",5,"Bug","Electric",0.1,0.6,319,50,47,50,57,50,65,190,70,64,FALSE
"Galvantula",5,"Bug","Electric",0.8,14.3,472,70,77,60,97,60,108,75,70,165,FALSE
"Ferroseed",5,"Grass","Steel",0.6,18.8,305,44,50,91,24,86,10,255,70,61,FALSE
"Ferrothorn",5,"Grass","Steel",1,110,489,74,94,131,54,116,20,90,70,171,FALSE
"Klink",5,"Steel","",0.3,21,300,40,55,70,45,60,30,130,70,60,FALSE
"Klang",5,"Steel","",0.6,51,440,60,80,95,70,85,50,60,70,154,FALSE
"Klinklang",5,"Steel","",0.6,81,520,60,100,115,70,85,90,30,70,234,FALSE
"Tynamo",5,"Electric","",0.2,0.3,275,35,55,40,45,40,60,190,70,55,FALSE
"Eelektrik",5,"Electric","",1.2,22,405,65,85,70,75,70,40,60,70,142,FALSE
"Eelektross",5,"Electric","",2.1,80.5,515,85,115,80,105,80,50,30,70,232,FALSE
"Elgyem",5,"Psychic","",0.5,9,335,55,55,55,85,55,30,255,70,67,FALSE
"Beheeyem",5,"Psychic","",1,34.5,485,75,75,75,125,95,40,90,70,170,FALSE
"Litwick",5,"Ghost","Fire",0.3,3.1,275,50,30,55,65,55,20,190,70,55,FALSE
"Lampent",5,"Ghost","Fire",0.6,13,370,60,40,60,95,60,55,90,70,130,FALSE
"Chandelure",5,"Ghost","Fire",1,34.3,520,60,55,90,145,90,80,45,70,234,FALSE
"Axew",5,"Dragon","",0.6,18,320,46,87,60,30,40,57,75,35,64,FALSE
"Fraxure",5,"Dragon","",1,36,410,66,117,70,40,50,67,60,35,144,FALSE
"Haxorus",5,"Dragon","",1.8,105.5,540,76,147,90,60,70,97,45,35,243,FALSE
"Cubchoo",5,"Ice","",0.5,8.5,305,55,70,40,60,40,40,120,70,61,FALSE
"Beartic",5,"Ice","",2.6,260,505,95,130,80,70,80,50,60,70,177,FALSE
"Cryogonal",5,"Ice","",1.1,148,515,80,50,50,95,135,105,25,70,180,FALSE
"Shelmet",5,"Bug","",0.4,7.7,305,50,40,85,40,65,25,200,70,61,FALSE
"Accelgor",5,"Bug","",0.8,25.3,495,80,70,40,100,60,145,75,70,173,FALSE
"Stunfisk",5,"Ground","Electric",0.7,11,471,109,66,84,81,99,32,75,70,165,FALSE
"Mienfoo",5,"Fighting","",0.9,20,350,45,85,50,55,50,65,180,70,70,FALSE
"Mienshao",5,"Fighting","",1.4,35.5,510,65,125,60,95,60,105,45,70,179,FALSE
"Druddigon",5,"Dragon","",1.6,139,485,77,120,90,60,90,48,45,70,170,FALSE
"Golett",5,"Ground","Ghost",1,92,303,59,74,50,35,50,35,190,70,61,FALSE
"Golurk",5,"Ground","Ghost",2.8,330,483,89,124,80,55,80,55,90,70,169,FALSE
"Pawniard",5,"Dark","Steel",0.5,10.2,340,45,85,70,40,40,60,120,35,68,FALSE
"Bisharp",5,"Dark","Steel",1.6,70,490,65,125,100,60,70,70,45,35,172,FALSE
"Bouffalant",5,"Normal","",1.6,94.6,490,95,110,95,40,95,55,45,70,172,FALSE
"Rufflet",5,"Normal","Flying",0.5,10.5,350,70,83,50,37,50,60,190,70,70,FALSE
"Braviary",5,"Normal","Flying",1.5,41,510,100,123,75,57,75,80,60,70,179,FALSE
"Vullaby",5,"Dark","Flying",0.5,9,370,70,55,75,45,65,60,190,35,74,FALSE
"Mandibuzz",5,"Dark","Flying",1.2,39.5,510,110,65,105,55,95,80,60,35,179,FALSE
"Heatmor",5,"Fire","",1.4,58,484,85,97,66,105,66,65,90,70,169,FALSE
"Durant",5,"Bug","Steel",0.3,33,484,58,109,112,48,48,109,90,70,169,FALSE
"Deino",5,"Dark","Dragon",0.8,17.3,300,52,65,50,45,50,38,45,35,60,FALSE
"Zweilous",5,"Dark","Dragon",1.4,50,420,72,85,70,65,70,58,45,35,147,FALSE
"Hydreigon",5,"Dark","Dragon",1.8,160,600,92,105,90,125,90,98,45,35,270,FALSE
"Larvesta",5,"Bug","Fire",1.1,28.8,360,55,85,55,50,55,60,45,70,72,FALSE
"Volcarona",5,"Bug","Fire",1.6,46,550,85,60,65,135,105,100,15,70,248,FALSE
"Cobalion",5,"Steel","Fighting",2.1,250,580,91,90,129,90,72,108,3,35,261,TRUE
"Terrakion",5,"Rock","Fighting",1.9,260,580,91,129,90,72,90,108,3,35,261,TRUE
"Virizion",5,"Grass","Fighting",2,200,580,91,90,72,90,129,108,3,35,261,TRUE
"Tornadus Incarnate Forme",5,"Flying","",1.5,63,580,79,115,70,125,80,111,3,90,261,TRUE
"Tornadus Therian Forme",5,"Flying","",1.4,63,580,79,100,80,110,90,121,3,90,261,TRUE
"Thundurus Incarnate Forme",5,"Electric","Flying",1.5,61,580,79,115,70,125,80,111,3,90,261,TRUE
"Thundurus Therian Forme",5,"Electric","Flying",3,61,580,79,105,70,145,80,101,3,90,261,TRUE
"Reshiram",5,"Dragon","Fire",3.2,330,680,100,120,100,150,120,90,3,0,306,TRUE
"Zekrom",5,"Dragon","Electric",2.9,345,680,100,150,120,120,100,90,3,0,306,TRUE
"Landorus Incarnate Forme",5,"Ground","Flying",1.5,68,600,89,125,90,115,80,101,3,90,270,TRUE
"Landorus Therian Forme",5,"Ground","Flying",1.3,68,600,89,145,90,105,80,91,3,90,270,TRUE
"Kyurem",5,"Dragon","Ice",3,325,660,125,130,90,130,90,95,3,0,297,TRUE
"Black Kyurem",5,"Dragon","Ice",3.3,325,700,125,170,100,120,90,95,3,0,315,TRUE
"White Kyurem",5,"Dragon","Ice",3.6,325,700,125,120,90,170,100,95,3,0,315,TRUE
"Keldeo Ordinary Forme",5,"Water","Fighting",1.4,48.5,580,91,72,90,129,90,108,3,35,261,TRUE
"Keldeo Resolute Forme",5,"Water","Fighting",1.4,48.5,580,91,72,90,129,90,108,3,35,261,TRUE
"Meloetta Aria Forme",5,"Normal","Psychic",0.6,6.5,600,100,77,77,128,128,90,3,100,270,TRUE
"Meloetta Pirouette Forme",5,"Normal","Fighting",0.6,6.5,600,100,128,90,77,77,128,3,100,270,TRUE
"Genesect",5,"Bug","Steel",1.5,82.5,600,71,120,95,120,95,99,3,0,270,TRUE
"Chespin",6,"Grass","",0.4,9,313,56,61,65,48,45,38,45,70,63,FALSE
"Quilladin",6,"Grass","",0.7,29,405,61,78,95,56,58,57,45,70,142,FALSE
"Chesnaught",6,"Grass","Fighting",1.6,90,530,88,107,122,74,75,64,45,70,239,FALSE
"Fennekin",6,"Fire","",0.4,9.4,307,40,45,40,62,60,60,45,70,61,FALSE
"Braixen",6,"Fire","",1,14.5,409,59,59,58,90,70,73,45,70,143,FALSE
"Delphox",6,"Fire","Psychic",1.5,39,534,75,69,72,114,100,104,45,70,240,FALSE
"Froakie",6,"Water","",0.3,7,314,41,56,40,62,44,71,45,70,63,FALSE
"Frogadier",6,"Water","",0.6,10.9,405,54,63,52,83,56,97,45,70,142,FALSE
"Greninja",6,"Water","Dark",1.5,40,530,72,95,67,103,71,122,45,70,239,FALSE
"Ash-Greninja",6,"Water","Dark",1.5,40,640,72,145,67,153,71,132,45,70,288,FALSE
"Bunnelby",6,"Normal","",0.4,5,237,38,36,38,32,36,57,255,70,47,FALSE
"Diggersby",6,"Normal","Ground",1,42.4,423,85,56,77,50,77,78,127,70,148,FALSE
"Fletchling",6,"Normal","Flying",0.3,1.7,278,45,50,43,40,38,62,255,70,56,FALSE
"Fletchinder",6,"Fire","Flying",0.7,16,382,62,73,55,56,52,84,120,70,134,FALSE
"Talonflame",6,"Fire","Flying",1.2,24.5,499,78,81,71,74,69,126,45,70,175,FALSE
"Scatterbug",6,"Bug","",0.3,2.5,200,38,35,40,27,25,35,255,70,40,FALSE
"Spewpa",6,"Bug","",0.3,8.4,213,45,22,60,27,30,29,120,70,75,FALSE
"Vivillon",6,"Bug","Flying",1.2,17,411,80,52,50,90,50,89,45,70,185,FALSE
"Litleo",6,"Fire","Normal",0.6,13.5,369,62,50,58,73,54,72,220,70,74,FALSE
"Pyroar",6,"Fire","Normal",1.5,81.5,507,86,68,72,109,66,106,65,70,177,FALSE
"Flabébé",6,"Fairy","",0.1,0.1,303,44,38,39,61,79,42,225,70,61,FALSE
"Floette",6,"Fairy","",0.2,0.9,371,54,45,47,75,98,52,120,70,130,FALSE
"Florges",6,"Fairy","",1.1,10,552,78,65,68,112,154,75,45,70,248,FALSE
"Skiddo",6,"Grass","",0.9,31,350,66,65,48,62,57,52,200,70,70,FALSE
"Gogoat",6,"Grass","",1.7,91,531,123,100,62,97,81,68,45,70,186,FALSE
"Pancham",6,"Fighting","",0.6,8,348,67,82,62,46,48,43,220,70,70,FALSE
"Pangoro",6,"Fighting","Dark",2.1,136,495,95,124,78,69,71,58,65,70,173,FALSE
"Furfrou",6,"Normal","",1.2,28,472,75,80,60,65,90,102,160,70,165,FALSE
"Espurr",6,"Psychic","",0.3,3.5,355,62,48,54,63,60,68,190,70,71,FALSE
"Meowstic Male",6,"Psychic","",0.6,8.5,466,74,48,76,83,81,104,75,70,163,FALSE
"Meowstic Female",6,"Psychic","",0.6,8.5,466,74,48,76,83,81,104,75,70,163,FALSE
"Honedge",6,"Steel","Ghost",0.8,2,325,45,80,100,35,37,28,180,70,65,FALSE
"Doublade",6,"Steel","Ghost",0.8,4.5,448,59,110,150,45,49,35,90,70,157,FALSE
"Aegislash Blade Forme",6,"Steel","Ghost",1.7,53,520,60,150,50,150,50,60,45,70,234,FALSE
"Aegislash Shield Forme",6,"Steel","Ghost",1.7,53,520,60,50,150,50,150,60,45,70,234,FALSE
"Spritzee",6,"Fairy","",0.2,0.5,341,78,52,60,63,65,23,200,70,68,FALSE
"Aromatisse",6,"Fairy","",0.8,15.5,462,101,72,72,99,89,29,140,70,162,FALSE
"Swirlix",6,"Fairy","",0.4,3.5,341,62,48,66,59,57,49,200,70,68,FALSE
"Slurpuff",6,"Fairy","",0.8,5,480,82,80,86,85,75,72,140,70,168,FALSE
"Inkay",6,"Dark","Psychic",0.4,3.5,288,53,54,53,37,46,45,190,70,58,FALSE
"Malamar",6,"Dark","Psychic",1.5,47,482,86,92,88,68,75,73,80,70,169,FALSE
"Binacle",6,"Rock","Water",0.5,31,306,42,52,67,39,56,50,120,70,61,FALSE
"Barbaracle",6,"Rock","Water",1.3,96,500,72,105,115,54,86,68,45,70,175,FALSE
"Skrelp",6,"Poison","Water",0.5,7.3,320,50,60,60,60,60,30,225,70,64,FALSE
"Dragalge",6,"Poison","Dragon",1.8,81.5,494,65,75,90,97,123,44,55,70,173,FALSE
"Clauncher",6,"Water","",0.5,8.3,330,50,53,62,58,63,44,225,70,66,FALSE
"Clawitzer",6,"Water","",1.3,35.3,500,71,73,88,120,89,59,55,70,100,FALSE
"Helioptile",6,"Electric","Normal",0.5,6,289,44,38,33,61,43,70,190,70,58,FALSE
"Heliolisk",6,"Electric","Normal",1,21,481,62,55,52,109,94,109,75,70,168,FALSE
"Tyrunt",6,"Rock","Dragon",0.8,26,362,58,89,77,45,45,48,45,70,72,FALSE
"Tyrantrum",6,"Rock","Dragon",2.5,270,521,82,121,119,69,59,71,45,70,182,FALSE
"Amaura",6,"Rock","Ice",1.3,25.2,362,77,59,50,67,63,46,45,70,72,FALSE
"Aurorus",6,"Rock","Ice",2.7,225,521,123,77,72,99,92,58,45,70,104,FALSE
"Sylveon",6,"Fairy","",1,23.5,525,95,65,65,110,130,60,45,70,184,FALSE
"Hawlucha",6,"Fighting","Flying",0.8,21.5,500,78,92,75,74,63,118,100,70,175,FALSE
"Dedenne",6,"Electric","Fairy",0.2,2.2,431,67,58,57,81,67,101,180,70,151,FALSE
"Carbink",6,"Rock","Fairy",0.3,5.7,500,50,50,150,50,150,50,60,70,100,FALSE
"Goomy",6,"Dragon","",0.3,2.8,300,45,50,35,55,75,40,45,35,60,FALSE
"Sliggoo",6,"Dragon","",0.8,17.5,452,68,75,53,83,113,60,45,35,158,FALSE
"Goodra",6,"Dragon","",2,150.5,600,90,100,70,110,150,80,45,35,270,FALSE
"Klefki",6,"Steel","Fairy",0.2,3,470,57,80,91,80,87,75,75,70,165,FALSE
"Phantump",6,"Ghost","Grass",0.4,7,309,43,70,48,50,60,38,120,70,62,FALSE
"Trevenant",6,"Ghost","Grass",1.5,71,474,85,110,76,65,82,56,60,70,166,FALSE
"Pumpkaboo Average Size",6,"Ghost","Grass",0.4,5,335,49,66,70,44,55,51,120,70,67,FALSE
"Pumpkaboo Small Size",6,"Ghost","Grass",0.3,3.5,335,44,66,70,44,55,56,120,70,67,FALSE
"Pumpkaboo Large Size",6,"Ghost","Grass",0.5,7.5,335,54,66,70,44,55,46,120,70,67,FALSE
"Pumpkaboo Super Size",6,"Ghost","Grass",0.8,15,335,59,66,70,44,55,41,120,70,67,FALSE
"Gourgeist Average Size",6,"Ghost","Grass",0.9,12.5,494,65,90,122,58,75,84,60,70,173,FALSE
"Gourgeist Small Size",6,"Ghost","Grass",0.7,9.5,494,55,85,122,58,75,99,60,70,173,FALSE
"Gourgeist Large Size",6,"Ghost","Grass",1.1,14,494,75,95,122,58,75,69,60,70,173,FALSE
"Gourgeist Super Size",6,"Ghost","Grass",1.7,39,494,85,100,122,58,75,54,60,70,173,FALSE
"Bergmite",6,"Ice","",1,99.5,304,55,69,85,32,35,28,190,70,61,FALSE
"Avalugg",6,"Ice","",2,505,514,95,117,184,44,46,28,55,70,180,FALSE
"Noibat",6,"Flying","Dragon",0.5,8,245,40,30,35,45,40,55,190,70,49,FALSE
"Noivern",6,"Flying","Dragon",1.5,85,535,85,70,80,97,80,123,45,70,187,FALSE
"Xerneas",6,"Fairy","",3,215,680,126,131,95,131,98,99,45,0,306,TRUE
"Yveltal",6,"Dark","Flying",5.8,203,680,126,131,95,131,98,99,45,0,306,TRUE
"Zygarde 50% Forme",6,"Dragon","Ground",5,305,600,108,100,121,81,95,95,3,0,270,TRUE
"Zygarde 10% Forme",6,"Dragon","Ground",1.2,33.5,486,54,100,71,61,85,115,3,0,219,TRUE
"Zygarde Complete Forme",6,"Dragon","Ground",4.5,610,708,216,100,121,91,95,85,3,0,319,TRUE
"Diancie",6,"Rock","Fairy",0.7,8.8,600,50,100,150,100,150,50,3,70,270,TRUE
"Mega Diancie",6,"Rock","Fairy",1.1,27.8,700,50,160,110,160,110,110,3,70,315,TRUE
"Hoopa Hoopa Confined",6,"Psychic","Ghost",0.5,9,600,80,110,60,150,130,70,3,100,270,TRUE
"Hoopa Hoopa Unbound",6,"Psychic","Dark",6.5,490,680,80,160,60,170,130,80,3,100,306,TRUE
"Volcanion",6,"Fire","Water",1.7,195,600,80,110,120,130,90,70,3,100,270,TRUE
"Rowlet",7,"Grass","Flying",0.3,1.5,320,68,55,55,50,50,42,45,70,64,FALSE
"Dartrix",7,"Grass","Flying",0.7,16,420,78,75,75,70,70,52,45,70,147,FALSE
"Decidueye",7,"Grass","Ghost",1.6,36.6,530,78,107,75,100,100,70,45,70,239,FALSE
"Litten",7,"Fire","",0.4,4.3,320,45,65,40,60,40,70,45,70,64,FALSE
"Torracat",7,"Fire","",0.7,25,420,65,85,50,80,50,90,45,70,147,FALSE
"Incineroar",7,"Fire","Dark",1.8,83,530,95,115,90,80,90,60,45,70,239,FALSE
"Popplio",7,"Water","",0.4,7.5,320,50,54,54,66,56,40,45,70,64,FALSE
"Brionne",7,"Water","",0.6,17.5,420,60,69,69,91,81,50,45,70,147,FALSE
"Primarina",7,"Water","Fairy",1.8,44,530,80,74,74,126,116,60,45,70,239,FALSE
"Pikipek",7,"Normal","Flying",0.3,1.2,265,35,75,30,30,30,65,255,70,53,FALSE
"Trumbeak",7,"Normal","Flying",0.6,14.8,355,55,85,50,40,50,75,120,70,124,FALSE
"Toucannon",7,"Normal","Flying",1.1,26,485,80,120,75,75,75,60,45,70,218,FALSE
"Yungoos",7,"Normal","",0.4,6,253,48,70,30,30,30,45,255,70,51,FALSE
"Gumshoos",7,"Normal","",0.7,14.2,418,88,110,60,55,60,45,127,70,146,FALSE
"Grubbin",7,"Bug","",0.4,4.4,300,47,62,45,55,45,46,255,70,60,FALSE
"Charjabug",7,"Bug","Electric",0.5,10.5,400,57,82,95,55,75,36,120,70,140,FALSE
"Vikavolt",7,"Bug","Electric",1.5,45,500,77,70,90,145,75,43,45,70,225,FALSE
"Crabrawler",7,"Fighting","",0.6,7,338,47,82,57,42,47,63,225,70,68,FALSE
"Crabominable",7,"Fighting","Ice",1.7,180,478,97,132,77,62,67,43,60,70,167,FALSE
"Oricorio Baile Style",7,"Fire","Flying",0.6,3.4,476,75,70,70,98,70,93,45,70,167,FALSE
"Oricorio Pom-Pom Style",7,"Electric","Flying",0.6,3.4,476,75,70,70,98,70,93,45,70,167,FALSE
"Oricorio Pa'u Style",7,"Psychic","Flying",0.6,3.4,476,75,70,70,98,70,93,45,70,167,FALSE
"Oricorio Sensu Style",7,"Ghost","Flying",0.6,3.4,476,75,70,70,98,70,93,45,70,167,FALSE
"Cutiefly",7,"Bug","Fairy",0.1,0.2,304,40,45,40,55,40,84,190,70,61,FALSE
"Ribombee",7,"Bug","Fairy",0.2,0.5,464,60,55,60,95,70,124,75,70,162,FALSE
"Rockruff",7,"Rock","",0.5,9.2,280,45,65,40,30,40,60,190,70,56,FALSE
"Own Tempo Rockruff",7,"Rock","",0.5,9.2,280,45,65,40,30,40,60,190,70,56,FALSE
"Lycanroc Midday Form",7,"Rock","",0.8,25,487,75,115,65,55,65,112,90,70,170,FALSE
"Lycanroc Midnight Form",7,"Rock","",1.1,25,487,85,115,75,55,75,82,90,70,170,FALSE
"Lycanroc Dusk Form",7,"Rock","",0.8,25,487,75,117,65,55,65,110,90,70,170,FALSE
"Wishiwashi Solo Form",7,"Water","",0.2,0.3,175,45,20,20,25,25,40,60,70,61,FALSE
"Wishiwashi School Form",7,"Water","",8.2,78.6,620,45,140,130,140,135,30,60,70,217,FALSE
"Mareanie",7,"Poison","Water",0.4,8,305,50,53,62,43,52,45,190,70,61,FALSE
"Toxapex",7,"Poison","Water",0.7,14.5,495,50,63,152,53,142,35,75,70,173,FALSE
"Mudbray",7,"Ground","",1,110,385,70,100,70,45,55,45,190,70,77,FALSE
"Mudsdale",7,"Ground","",2.5,920,500,100,125,100,55,85,35,60,70,175,FALSE
"Dewpider",7,"Water","Bug",0.3,4,269,38,40,52,40,72,27,200,70,54,FALSE
"Araquanid",7,"Water","Bug",1.8,82,454,68,70,92,50,132,42,100,70,159,FALSE
"Fomantis",7,"Grass","",0.3,1.5,250,40,55,35,50,35,35,190,70,50,FALSE
"Lurantis",7,"Grass","",0.9,18.5,480,70,105,90,80,90,45,75,70,168,FALSE
"Morelull",7,"Grass","Fairy",0.2,1.5,285,40,35,55,65,75,15,190,70,57,FALSE
"Shiinotic",7,"Grass","Fairy",1,11.5,405,60,45,80,90,100,30,75,70,142,FALSE
"Salandit",7,"Poison","Fire",0.6,4.8,320,48,44,40,71,40,77,120,70,64,FALSE
"Salazzle",7,"Poison","Fire",1.2,22.2,480,68,64,60,111,60,117,45,70,168,FALSE
"Stufful",7,"Normal","Fighting",0.5,6.8,340,70,75,50,45,50,50,140,70,68,FALSE
"Bewear",7,"Normal","Fighting",2.1,135,500,120,125,80,55,60,60,70,70,175,FALSE
"Bounsweet",7,"Grass","",0.3,3.2,210,42,30,38,30,38,32,235,70,42,FALSE
"Steenee",7,"Grass","",0.7,8.2,290,52,40,48,40,48,62,120,70,102,FALSE
"Tsareena",7,"Grass","",1.2,21.4,510,72,120,98,50,98,72,45,70,230,FALSE
"Comfey",7,"Fairy","",0.1,0.3,485,51,52,90,82,110,100,60,70,170,FALSE
"Oranguru",7,"Normal","Psychic",1.5,76,490,90,60,80,90,110,60,45,70,172,FALSE
"Passimian",7,"Fighting","",2,82.8,490,100,120,90,40,60,80,45,70,172,FALSE
"Wimpod",7,"Bug","Water",0.5,12,230,25,35,40,20,30,80,90,70,46,FALSE
"Golisopod",7,"Bug","Water",2,108,530,75,125,140,60,90,40,45,70,186,FALSE
"Sandygast",7,"Ghost","Ground",0.5,70,320,55,55,80,70,45,15,140,70,64,FALSE
"Palossand",7,"Ghost","Ground",1.3,250,480,85,75,110,100,75,35,60,70,168,FALSE
"Pyukumuku",7,"Water","",0.3,1.2,410,55,60,130,30,130,5,60,70,144,FALSE
"Type: Null",7,"Normal","",1.9,120.5,534,95,95,95,95,95,59,3,0,107,TRUE
"Silvally",7,"Normal","",2.3,100.5,570,95,95,95,95,95,95,3,0,257,TRUE
"Minior Meteor Form",7,"Rock","Flying",0.3,40,440,60,60,100,60,100,60,30,70,154,FALSE
"Minior Core Form",7,"Rock","Flying",0.3,0.3,500,60,100,60,100,60,120,30,70,175,FALSE
"Komala",7,"Normal","",0.4,19.9,480,65,115,65,75,95,65,45,70,168,FALSE
"Turtonator",7,"Fire","Dragon",2,212,485,60,78,135,91,85,36,70,70,170,FALSE
"Togedemaru",7,"Electric","Steel",0.3,3.3,435,65,98,63,40,73,96,180,70,152,FALSE
"Mimikyu",7,"Ghost","Fairy",0.2,0.7,476,55,90,80,50,105,96,45,70,167,FALSE
"Bruxish",7,"Water","Psychic",0.9,19,475,68,105,70,70,70,92,80,70,166,FALSE
"Drampa",7,"Normal","Dragon",3,185,485,78,60,85,135,91,36,70,70,170,FALSE
"Dhelmise",7,"Ghost","Grass",3.9,210,517,70,131,100,86,90,40,25,70,181,FALSE
"Jangmo-o",7,"Dragon","",0.6,29.7,300,45,55,65,45,45,45,45,70,60,FALSE
"Hakamo-o",7,"Dragon","Fighting",1.2,47,420,55,75,90,65,70,65,45,70,147,FALSE
"Kommo-o",7,"Dragon","Fighting",1.6,78.2,600,75,110,125,100,105,85,45,70,270,FALSE
"Tapu Koko",7,"Electric","Fairy",1.8,20.5,570,70,115,85,95,75,130,3,70,257,TRUE
"Tapu Lele",7,"Psychic","Fairy",1.2,18.6,570,70,85,75,130,115,95,3,70,257,TRUE
"Tapu Bulu",7,"Grass","Fairy",1.9,45.5,570,70,130,115,85,95,75,3,70,257,TRUE
"Tapu Fini",7,"Water","Fairy",1.3,21.2,570,70,75,115,95,130,85,3,70,257,TRUE
"Cosmog",7,"Psychic","",0.2,0.1,200,43,29,31,29,31,37,45,0,40,TRUE
"Cosmoem",7,"Psychic","",0.1,999.9,400,43,29,131,29,131,37,45,0,140,TRUE
"Solgaleo",7,"Psychic","Steel",3.4,230,680,137,137,107,113,89,97,45,0,306,TRUE
"Lunala",7,"Psychic","Ghost",4,120,680,137,113,89,137,107,97,45,0,306,TRUE
"Nihilego",7,"Rock","Poison",1.2,55.5,570,109,53,47,127,131,103,45,0,257,TRUE
"Buzzwole",7,"Bug","Fighting",2.4,333.6,570,107,139,139,53,53,79,45,0,257,TRUE
"Pheromosa",7,"Bug","Fighting",1.8,25,570,71,137,37,137,37,151,45,0,257,TRUE
"Xurkitree",7,"Electric","",3.8,100,570,83,89,71,173,71,83,45,0,257,TRUE
"Celesteela",7,"Steel","Flying",9.2,999.9,570,97,101,103,107,101,61,45,0,257,TRUE
"Kartana",7,"Grass","Steel",0.3,0.1,570,59,181,131,59,31,109,45,0,257,TRUE
"Guzzlord",7,"Dark","Dragon",5.5,888,570,223,101,53,97,53,43,45,0,257,TRUE
"Necrozma",7,"Psychic","",2.4,230,600,97,107,101,127,89,79,255,0,270,TRUE
"Dusk Mane Necrozma",7,"Psychic","Steel",3.8,460,680,97,157,127,113,109,77,3,0,306,TRUE
"Dawn Wings Necrozma",7,"Psychic","Ghost",4.2,350,680,97,113,109,157,127,77,3,0,306,TRUE
"Ultra Necrozma",7,"Psychic","Dragon",7.5,230,754,97,167,97,167,97,129,3,0,339,TRUE
"Magearna",7,"Steel","Fairy",1,80.5,600,80,95,115,130,115,65,3,0,270,TRUE
"Marshadow",7,"Fighting","Ghost",0.7,22.2,600,90,125,80,90,90,125,3,0,270,TRUE
"Poipole",7,"Poison","",0.6,1.8,420,67,73,67,73,67,73,45,0,189,TRUE
"Naganadel",7,"Poison","Dragon",3.6,150,540,73,73,73,127,73,121,45,0,243,TRUE
"Stakataka",7,"Rock","Steel",5.5,820,570,61,131,211,53,101,13,30,0,257,TRUE
"Blacephalon",7,"Fire","Ghost",1.8,13,570,53,127,53,151,79,107,30,0,257,TRUE
"Zeraora",7,"Electric","",1.5,44.5,600,88,112,75,102,80,143,3,0,270,TRUE
